Date,Name,Year,Letterboxd URI
2020-11-16,Parasite,2019,https://boxd.it/hTha
2020-11-16,Joker,2019,https://boxd.it/h4cS
2020-11-16,Knives Out,2019,https://boxd.it/jWEA
2020-11-16,Get Out,2017,https://boxd.it/eOCm
2020-11-16,Pulp Fiction,1994,https://boxd.it/29Pq
2020-11-16,Inception,2010,https://boxd.it/1skk
2020-11-16,Once Upon a Time… in Hollywood,2019,https://boxd.it/gH0O
2020-11-16,Spider-Man: Into the Spider-Verse,2018,https://boxd.it/azpY
2020-11-16,Midsommar,2019,https://boxd.it/jhxe
2020-11-16,The Dark Knight,2008,https://boxd.it/2b0k
2020-11-16,Fight Club,1999,https://boxd.it/2a9q
2020-11-16,Baby Driver,2017,https://boxd.it/bhF2
2020-11-16,Interstellar,2014,https://boxd.it/4VZ8
2020-11-16,The Grand Budapest Hotel,2014,https://boxd.it/3ZqO
2020-11-16,Jojo Rabbit,2019,https://boxd.it/iEBG
2020-11-16,Her,2013,https://boxd.it/4O24
2020-11-16,Black Panther,2018,https://boxd.it/8MHs
2020-11-16,Avengers: Infinity War,2018,https://boxd.it/9vEe
2020-11-16,Mad Max: Fury Road,2015,https://boxd.it/2DjO
2020-11-16,Uncut Gems,2019,https://boxd.it/gXGc
2020-11-16,The Shining,1980,https://boxd.it/29Nu
2020-11-16,Arrival,2016,https://boxd.it/aNGk
2020-11-16,Inglourious Basterds,2009,https://boxd.it/1JzG
2020-11-16,Avengers: Endgame,2019,https://boxd.it/9vE4
2020-11-16,Whiplash,2014,https://boxd.it/7bQA
2020-11-16,The Lighthouse,2019,https://boxd.it/icFU
2020-11-16,The Wolf of Wall Street,2013,https://boxd.it/3C1m
2020-11-16,Gone Girl,2014,https://boxd.it/6hQu
2020-11-16,1917,2019,https://boxd.it/jj4y
2020-11-16,Marriage Story,2019,https://boxd.it/hJAw
2020-11-16,Django Unchained,2012,https://boxd.it/2cCk
2020-11-16,Guardians of the Galaxy,2014,https://boxd.it/3VH2
2020-11-16,Hereditary,2018,https://boxd.it/hNVe
2020-11-16,Eternal Sunshine of the Spotless Mind,2004,https://boxd.it/6YK
2020-11-16,Spirited Away,2001,https://boxd.it/2b4m
2020-11-16,Dunkirk,2017,https://boxd.it/d0Y6
2020-11-16,The Silence of the Lambs,1991,https://boxd.it/2aHW
2020-11-16,Star Wars: The Force Awakens,2015,https://boxd.it/4vru
2020-11-16,Kill Bill: Vol. 1,2003,https://boxd.it/70w
2020-11-16,Us,2019,https://boxd.it/gnV6
2020-11-16,Thor: Ragnarok,2017,https://boxd.it/8MHi
2020-11-16,The Godfather,1972,https://boxd.it/2aNK
2020-11-16,A Quiet Place,2018,https://boxd.it/fVJQ
2020-11-16,Deadpool,2016,https://boxd.it/9fOC
2020-11-16,Se7en,1995,https://boxd.it/29zs
2020-11-16,Drive,2011,https://boxd.it/IG
2020-11-16,Star Wars,1977,https://boxd.it/72s
2020-11-16,Coco,2017,https://boxd.it/bYJQ
2020-11-16,Spider-Man: Homecoming,2017,https://boxd.it/aboM
2020-11-16,BlacKkKlansman,2018,https://boxd.it/hxL8
2020-11-16,Inside Out,2015,https://boxd.it/4KHC
2020-11-16,Forrest Gump,1994,https://boxd.it/728
2020-11-16,Birdman or (The Unexpected Virtue of Ignorance),2014,https://boxd.it/5RFA
2020-11-16,The Matrix,1999,https://boxd.it/2a1m
2020-11-16,Portrait of a Lady on Fire,2019,https://boxd.it/jkPq
2020-11-16,Ex Machina,2015,https://boxd.it/7T2k
2020-11-16,Scott Pilgrim vs. the World,2010,https://boxd.it/1Aq6
2020-11-16,The Avengers,2012,https://boxd.it/1xFW
2020-11-16,The Truman Show,1998,https://boxd.it/18U8
2020-11-16,It,2017,https://boxd.it/bC8e
2020-11-16,The Empire Strikes Back,1980,https://boxd.it/27Vw
2020-11-16,2001: A Space Odyssey,1968,https://boxd.it/2bf0
2020-11-16,The Lord of the Rings: The Fellowship of the Ring,2001,https://boxd.it/2b5O
2020-11-16,Guardians of the Galaxy Vol. 2,2017,https://boxd.it/8MxC
2020-11-16,Black Swan,2010,https://boxd.it/Sw0
2020-11-16,Logan,2017,https://boxd.it/7Piy
2020-11-16,The Shawshank Redemption,1994,https://boxd.it/2aHi
2020-11-16,Back to the Future,1985,https://boxd.it/2b8e
2020-11-16,The Irishman,2019,https://boxd.it/dYOq
2020-11-16,Nightcrawler,2014,https://boxd.it/780m
2020-11-16,"Three Billboards Outside Ebbing, Missouri",2017,https://boxd.it/ceBS
2020-11-16,Captain America: Civil War,2016,https://boxd.it/89Ja
2020-11-16,The Martian,2015,https://boxd.it/8SeG
2020-11-16,Rogue One: A Star Wars Story,2016,https://boxd.it/aPvy
2020-11-16,No Country for Old Men,2007,https://boxd.it/21ew
2020-11-16,Spider-Man: Far from Home,2019,https://boxd.it/fegG
2020-11-16,The Revenant,2015,https://boxd.it/8H5e
2020-11-16,Alien,1979,https://boxd.it/2awY
2020-11-16,Reservoir Dogs,1992,https://boxd.it/2agc
2020-11-16,Captain Marvel,2019,https://boxd.it/9vSA
2020-11-16,GoodFellas,1990,https://boxd.it/29FA
2020-11-16,Shutter Island,2010,https://boxd.it/1U82
2020-11-16,Jurassic Park,1993,https://boxd.it/2aA2
2020-11-16,The Dark Knight Rises,2012,https://boxd.it/H3m
2020-11-16,Doctor Strange,2016,https://boxd.it/8MH8
2020-11-16,Zodiac,2007,https://boxd.it/27MO
2020-11-16,The Lobster,2015,https://boxd.it/7tnw
2020-11-16,American Psycho,2000,https://boxd.it/28Vs
2020-11-16,The Hateful Eight,2015,https://boxd.it/8gw8
2020-11-16,Captain America: The Winter Soldier,2014,https://boxd.it/3r58
2020-11-16,Memento,2000,https://boxd.it/2bcK
2020-11-16,Annihilation,2018,https://boxd.it/9yzm
2020-11-16,WALL·E,2008,https://boxd.it/1VEo
2020-11-16,Up,2009,https://boxd.it/1OEc
2020-11-16,A Clockwork Orange,1971,https://boxd.it/2aVE
2020-11-16,Donnie Darko,2001,https://boxd.it/2b2A
2020-11-16,Toy Story,1995,https://boxd.it/29qA
2020-11-16,Iron Man,2008,https://boxd.it/28dA
2020-11-16,The Witch,2015,https://boxd.it/9X0m
2020-11-16,The Incredibles,2004,https://boxd.it/1XLm
2020-11-16,Ratatouille,2007,https://boxd.it/27ww
2020-11-16,The Big Lebowski,1998,https://boxd.it/2b6C
2020-11-16,Lost in Translation,2003,https://boxd.it/2b0E
2020-11-16,The Lord of the Rings: The Return of the King,2003,https://boxd.it/2b5u
2020-11-16,John Wick,2014,https://boxd.it/7dEc
2020-11-16,Moonrise Kingdom,2012,https://boxd.it/2Wng
2020-11-16,The Breakfast Club,1985,https://boxd.it/27q4
2020-11-16,Avengers: Age of Ultron,2015,https://boxd.it/3qi6
2020-11-16,Fargo,1996,https://boxd.it/2aHM
2020-11-16,Return of the Jedi,1983,https://boxd.it/27Vm
2020-11-16,Isle of Dogs,2018,https://boxd.it/dZrW
2020-11-16,The Lord of the Rings: The Two Towers,2002,https://boxd.it/2b5E
2020-11-16,Titanic,1997,https://boxd.it/2a2k
2020-11-16,There Will Be Blood,2007,https://boxd.it/20Z2
2020-11-16,"I, Tonya",2017,https://boxd.it/dzR0
2020-11-16,Batman Begins,2005,https://boxd.it/2aIg
2020-11-16,Deadpool 2,2018,https://boxd.it/dlLM
2020-11-16,Finding Nemo,2003,https://boxd.it/72i
2020-11-16,The Lion King,1994,https://boxd.it/201Q
2020-11-16,Harry Potter and the Prisoner of Azkaban,2004,https://boxd.it/29Qy
2020-11-16,Ant-Man,2015,https://boxd.it/3vmW
2020-11-16,Split,2016,https://boxd.it/dgSy
2020-11-16,Good Will Hunting,1997,https://boxd.it/2ahY
2020-11-16,The Prestige,2006,https://boxd.it/293w
2020-11-16,Room,2015,https://boxd.it/7T0y
2020-11-16,Harry Potter and the Philosopher's Stone,2001,https://boxd.it/29QS
2020-11-16,Gravity,2013,https://boxd.it/GZY
2020-11-16,Snowpiercer,2013,https://boxd.it/3Icg
2020-11-16,Zootopia,2016,https://boxd.it/84xS
2020-11-16,Pan's Labyrinth,2006,https://boxd.it/28No
2020-11-16,My Neighbor Totoro,1988,https://boxd.it/20eA
2020-11-16,The Departed,2006,https://boxd.it/28MA
2020-11-16,Jaws,1975,https://boxd.it/2a5e
2020-11-16,"Monsters, Inc.",2001,https://boxd.it/2a46
2020-11-16,Kingsman: The Secret Service,2014,https://boxd.it/6dxe
2020-11-16,mother!,2017,https://boxd.it/dgRU
2020-11-16,Kill Bill: Vol. 2,2004,https://boxd.it/2au4
2020-11-16,Fantastic Mr. Fox,2009,https://boxd.it/1WyQ
2020-11-16,Toy Story 3,2010,https://boxd.it/1WRe
2020-11-16,Captain America: The First Avenger,2011,https://boxd.it/28b0
2020-11-16,Prisoners,2013,https://boxd.it/4E5i
2020-11-16,Suicide Squad,2016,https://boxd.it/9row
2020-11-16,Avatar,2009,https://boxd.it/1Efm
2020-11-16,Eighth Grade,2018,https://boxd.it/hDMG
2020-11-16,The Nice Guys,2016,https://boxd.it/94Hg
2020-11-16,Shaun of the Dead,2004,https://boxd.it/29J8
2020-11-16,Raiders of the Lost Ark,1981,https://boxd.it/2bbs
2020-11-16,Boyhood,2014,https://boxd.it/3178
2020-11-16,Oldboy,2003,https://boxd.it/29R2
2020-11-16,Harry Potter and the Deathly Hallows: Part 2,2011,https://boxd.it/1RYk
2020-11-16,Iron Man 3,2013,https://boxd.it/2cBQ
2020-11-16,Ready Player One,2018,https://boxd.it/aZes
2020-11-16,Ant-Man and the Wasp,2018,https://boxd.it/cqUW
2020-11-16,The Killing of a Sacred Deer,2017,https://boxd.it/dZ5G
2020-11-16,Star Wars: Episode III – Revenge of the Sith,2005,https://boxd.it/27US
2020-11-16,Moana,2016,https://boxd.it/8tfY
2020-11-16,The Godfather: Part II,1974,https://boxd.it/2aNq
2020-11-16,Saving Private Ryan,1998,https://boxd.it/29ro
2020-11-16,The Thing,1982,https://boxd.it/294O
2020-11-16,Ferris Bueller's Day Off,1986,https://boxd.it/1YPY
2020-11-16,Catch Me If You Can,2002,https://boxd.it/29VS
2020-11-16,I'm Thinking of Ending Things,2020,https://boxd.it/i4IQ
2020-11-16,Little Miss Sunshine,2006,https://boxd.it/29EW
2020-11-16,Star Wars: Episode I – The Phantom Menace,1999,https://boxd.it/27Vc
2020-11-16,Harry Potter and the Chamber of Secrets,2002,https://boxd.it/29QI
2020-11-16,Léon: The Professional,1994,https://boxd.it/2b8S
2020-11-16,What We Do in the Shadows,2014,https://boxd.it/7eQy
2020-11-16,Vertigo,1958,https://boxd.it/2apI
2020-11-16,Harry Potter and the Goblet of Fire,2005,https://boxd.it/29Qo
2020-11-16,Trainspotting,1996,https://boxd.it/29XY
2020-11-16,The Farewell,2019,https://boxd.it/kIky
2020-11-16,Manchester by the Sea,2016,https://boxd.it/b2L0
2020-11-16,12 Years a Slave,2013,https://boxd.it/2D2e
2020-11-16,It Chapter Two,2019,https://boxd.it/h10u
2020-11-16,Thor,2011,https://boxd.it/1WQU
2020-11-16,Children of Men,2006,https://boxd.it/1Y2i
2020-11-16,Solo: A Star Wars Story,2018,https://boxd.it/bGWs
2020-11-16,Dead Poets Society,1989,https://boxd.it/2aSg
2020-11-16,(500) Days of Summer,2009,https://boxd.it/1EmM
2020-11-16,12 Angry Men,1957,https://boxd.it/2auI
2020-11-16,Toy Story 2,1999,https://boxd.it/29qq
2020-11-16,The Hunger Games,2012,https://boxd.it/2uds
2020-11-16,It Follows,2014,https://boxd.it/87wo
2020-11-16,Sicario,2015,https://boxd.it/8i7u
2020-11-16,Iron Man 2,2010,https://boxd.it/1WZM
2020-11-16,Spotlight,2015,https://boxd.it/a84k
2020-11-16,Fantastic Beasts and Where to Find Them,2016,https://boxd.it/7FPC
2020-11-16,Hot Fuzz,2007,https://boxd.it/2416
2020-11-16,Jurassic World,2015,https://boxd.it/4n0g
2020-11-16,Harry Potter and the Deathly Hallows: Part 1,2010,https://boxd.it/1RYu
2020-11-16,Harry Potter and the Order of the Phoenix,2007,https://boxd.it/29Qe
2020-11-16,Star Wars: Episode II – Attack of the Clones,2002,https://boxd.it/27V2
2020-11-16,Spider-Man,2002,https://boxd.it/2a8i
2020-11-16,Shrek,2001,https://boxd.it/29zi
2020-11-16,Frozen,2013,https://boxd.it/3GNa
2020-11-16,The Great Gatsby,2013,https://boxd.it/JY
2020-11-16,John Wick: Chapter 3 – Parabellum,2019,https://boxd.it/gmFw
2020-11-16,Die Hard,1988,https://boxd.it/2a7u
2020-11-16,E.T. the Extra-Terrestrial,1982,https://boxd.it/2a1G
2020-11-16,Harry Potter and the Half-Blood Prince,2009,https://boxd.it/29FU
2020-11-16,John Wick: Chapter 2,2017,https://boxd.it/ayGu
2020-11-16,The Cabin in the Woods,2011,https://boxd.it/1zOc
2020-11-16,Spider-Man 2,2004,https://boxd.it/2a88
2020-11-16,Nocturnal Animals,2016,https://boxd.it/bkFu
2020-11-16,Rear Window,1954,https://boxd.it/2a6Q
2020-11-16,Zombieland,2009,https://boxd.it/1En6
2020-11-16,V for Vendetta,2005,https://boxd.it/29Ik
2020-11-16,Home Alone,1990,https://boxd.it/29Fg
2020-11-16,Shazam!,2019,https://boxd.it/8WBu
2020-11-16,Aquaman,2018,https://boxd.it/9ru0
2020-11-16,Pirates of the Caribbean: The Curse of the Black Pearl,2003,https://boxd.it/70G
2020-11-16,10 Cloverfield Lane,2016,https://boxd.it/aZiu
2020-11-16,Batman v Superman: Dawn of Justice,2016,https://boxd.it/6fBW
2020-11-16,Bird Box,2018,https://boxd.it/eh1i
2020-11-16,The Royal Tenenbaums,2001,https://boxd.it/1YHU
2020-11-16,Venom,2018,https://boxd.it/b8wA
2020-11-16,Superbad,2007,https://boxd.it/20hO
2020-11-16,Juno,2007,https://boxd.it/210a
2020-11-16,Thor: The Dark World,2013,https://boxd.it/2DqA
2020-11-16,The Sixth Sense,1999,https://boxd.it/29Js
2020-11-16,Mean Girls,2004,https://boxd.it/1VNg
2020-11-16,Inside Llewyn Davis,2013,https://boxd.it/34Ro
2020-11-16,The Lego Movie,2014,https://boxd.it/4pDO
2020-11-16,The Nightmare Before Christmas,1993,https://boxd.it/1YzQ
2020-11-16,Enemy,2013,https://boxd.it/5xtO
2020-11-16,X-Men: Days of Future Past,2014,https://boxd.it/4aRw
2020-11-16,10 Things I Hate About You,1999,https://boxd.it/23AO
2020-11-16,A Ghost Story,2017,https://boxd.it/fb0K
2020-11-16,Gladiator,2000,https://boxd.it/2b9m
2020-11-16,Finding Dory,2016,https://boxd.it/4aAA
2020-11-16,The Hunger Games: Catching Fire,2013,https://boxd.it/3sAw
2020-11-16,mid90s,2018,https://boxd.it/fxIa
2020-11-16,Rosemary's Baby,1968,https://boxd.it/29zM
2020-11-16,Scream,1996,https://boxd.it/24EC
2020-11-16,Groundhog Day,1993,https://boxd.it/2b3e
2020-11-16,Being John Malkovich,1999,https://boxd.it/2ahu
2020-11-16,Ghostbusters,1984,https://boxd.it/g2w
2020-11-16,The Exorcist,1973,https://boxd.it/1Yoo
2020-11-16,Midnight in Paris,2011,https://boxd.it/i4a
2020-11-16,Clueless,1995,https://boxd.it/1Ygk
2020-11-16,Coraline,2009,https://boxd.it/1NhQ
2020-11-16,The Hobbit: An Unexpected Journey,2012,https://boxd.it/GZk
2020-11-16,Life of Pi,2012,https://boxd.it/37pC
2020-11-16,Wreck-It Ralph,2012,https://boxd.it/2TTS
2020-11-16,The Conjuring,2013,https://boxd.it/4sr2
2020-11-16,Tangled,2010,https://boxd.it/15gO
2020-11-16,Pokémon Detective Pikachu,2019,https://boxd.it/fVA0
2020-11-16,Beetlejuice,1988,https://boxd.it/24QI
2020-11-16,The Babadook,2014,https://boxd.it/77xu
2020-11-16,Back to the Future Part II,1989,https://boxd.it/2aYI
2020-11-16,The Princess Bride,1987,https://boxd.it/26EY
2020-11-16,21 Jump Street,2012,https://boxd.it/J0
2020-11-16,How to Train Your Dragon,2010,https://boxd.it/1WRy
2020-11-16,The Usual Suspects,1995,https://boxd.it/29XE
2020-11-16,Man of Steel,2013,https://boxd.it/FRk
2020-11-16,The Hangover,2009,https://boxd.it/1GjK
2020-11-16,Justice League,2017,https://boxd.it/4w68
2020-11-16,Jumanji: Welcome to the Jungle,2017,https://boxd.it/bUeE
2020-11-16,The Ballad of Buster Scruggs,2018,https://boxd.it/jB2q
2020-11-16,Monty Python and the Holy Grail,1975,https://boxd.it/29GI
2020-11-16,Watchmen,2009,https://boxd.it/1QE4
2020-11-16,Shrek 2,2004,https://boxd.it/29z8
2020-11-16,Charlie and the Chocolate Factory,2005,https://boxd.it/2b68
2020-11-16,School of Rock,2003,https://boxd.it/28xK
2020-11-16,Swiss Army Man,2016,https://boxd.it/bDG2
2020-11-16,Casino Royale,2006,https://boxd.it/1alk
2020-11-16,Jackie Brown,1997,https://boxd.it/2aVO
2020-11-16,The Green Mile,1999,https://boxd.it/2agG
2020-11-16,Aladdin,1992,https://boxd.it/29yE
2020-11-16,Indiana Jones and the Last Crusade,1989,https://boxd.it/2baO
2020-11-16,The Amazing Spider-Man,2012,https://boxd.it/27PI
2020-11-16,Do the Right Thing,1989,https://boxd.it/29gA
2020-11-16,Eraserhead,1977,https://boxd.it/299u
2020-11-16,Hacksaw Ridge,2016,https://boxd.it/azew
2020-11-16,Brave,2012,https://boxd.it/bVG
2020-11-16,Seven Samurai,1954,https://boxd.it/2axi
2020-11-16,Stand by Me,1986,https://boxd.it/2aOe
2020-11-16,X-Men: First Class,2011,https://boxd.it/FOA
2020-11-16,Kiki's Delivery Service,1989,https://boxd.it/1JAY
2020-11-16,Spider-Man 3,2007,https://boxd.it/2a7Y
2020-11-16,Now You See Me,2013,https://boxd.it/2Bsu
2020-11-16,Hell or High Water,2016,https://boxd.it/bfGM
2020-11-16,The Hobbit: The Desolation of Smaug,2013,https://boxd.it/nmS
2020-11-16,Persona,1966,https://boxd.it/29B4
2020-11-16,Kick-Ass,2010,https://boxd.it/1zaQ
2020-11-16,Borat: Cultural Learnings of America for Make Benefit Glorious Nation of Kazakhstan,2006,https://boxd.it/2agQ
2020-11-16,About Time,2013,https://boxd.it/43bI
2020-11-16,Black Mirror: Bandersnatch,2018,https://boxd.it/kTDG
2020-11-16,Easy A,2010,https://boxd.it/17DK
2020-11-16,Monsters University,2013,https://boxd.it/bQm
2020-11-16,Moon,2009,https://boxd.it/1IGQ
2020-11-16,X-Men: Apocalypse,2016,https://boxd.it/7eJi
2020-11-16,Kingsman: The Golden Circle,2017,https://boxd.it/buJm
2020-11-16,The Hunger Games: Mockingjay – Part 1,2014,https://boxd.it/4hka
2020-11-16,Men in Black,1997,https://boxd.it/2a0I
2020-11-16,Indiana Jones and the Temple of Doom,1984,https://boxd.it/2bb8
2020-11-16,Hunt for the Wilderpeople,2016,https://boxd.it/cTgG
2020-11-16,The World's End,2013,https://boxd.it/3EiO
2020-11-16,District 9,2009,https://boxd.it/1Iik
2020-11-16,Unbreakable,2000,https://boxd.it/1XV2
2020-11-16,Mamma Mia!,2008,https://boxd.it/1Tnq
2020-11-16,A Nightmare on Elm Street,1984,https://boxd.it/2aw0
2020-11-16,Dazed and Confused,1993,https://boxd.it/1Ylk
2020-11-16,Beauty and the Beast,1991,https://boxd.it/1XhG
2020-11-16,Inherent Vice,2014,https://boxd.it/5hla
2020-11-16,Cars,2006,https://boxd.it/29ho
2020-11-16,Pirates of the Caribbean: Dead Man's Chest,2006,https://boxd.it/2bfk
2020-11-16,The Life Aquatic with Steve Zissou,2004,https://boxd.it/2aqw
2020-11-16,Big Fish,2003,https://boxd.it/2a3M
2020-11-16,Les Misérables,2012,https://boxd.it/2TT4
2020-11-16,The Hobbit: The Battle of the Five Armies,2014,https://boxd.it/43aU
2020-11-16,Kong: Skull Island,2017,https://boxd.it/9ewM
2020-11-16,Twilight,2008,https://boxd.it/1Zui
2020-11-16,Rushmore,1998,https://boxd.it/1TAO
2020-11-16,The Incredible Hulk,2008,https://boxd.it/28dU
2020-11-16,"Crazy, Stupid, Love.",2011,https://boxd.it/D9A
2020-11-16,This Is the End,2013,https://boxd.it/3GB4
2020-11-16,The Evil Dead,1981,https://boxd.it/29Go
2020-11-16,The Amazing Spider-Man 2,2014,https://boxd.it/3utM
2020-11-16,The Rocky Horror Picture Show,1975,https://boxd.it/1a3q
2020-11-16,Hugo,2011,https://boxd.it/R08
2020-11-16,Almost Famous,2000,https://boxd.it/29CQ
2020-11-16,22 Jump Street,2014,https://boxd.it/5Fvy
2020-11-16,Sherlock Holmes,2009,https://boxd.it/1W2A
2020-11-16,Captain Fantastic,2016,https://boxd.it/b2K2
2020-11-16,Murder on the Orient Express,2017,https://boxd.it/dHjA
2020-11-16,The Hunger Games: Mockingjay – Part 2,2015,https://boxd.it/4hk0
2020-11-16,"O Brother, Where Art Thou?",2000,https://boxd.it/2b3I
2020-11-16,I Am Legend,2007,https://boxd.it/21DG
2020-11-16,True Grit,2010,https://boxd.it/Sog
2020-11-16,Spring Breakers,2012,https://boxd.it/421s
2020-11-16,Contagion,2011,https://boxd.it/13rq
2020-11-16,Back to the Future Part III,1990,https://boxd.it/2aTS
2020-11-16,Batman,1989,https://boxd.it/2aIU
2020-11-16,Paddington 2,2017,https://boxd.it/bCF8
2020-11-16,It's a Wonderful Life,1946,https://boxd.it/28xA
2020-11-16,Kung Fu Panda,2008,https://boxd.it/1Yws
2020-11-16,Twelve Monkeys,1995,https://boxd.it/2beQ
2020-11-16,War for the Planet of the Apes,2017,https://boxd.it/8FE2
2020-11-16,Alice in Wonderland,2010,https://boxd.it/1Spq
2020-11-16,Airplane!,1980,https://boxd.it/29yu
2020-11-16,X-Men,2000,https://boxd.it/1a7s
2020-11-16,A Bug's Life,1998,https://boxd.it/1Yyy
2020-11-16,Corpse Bride,2005,https://boxd.it/24WQ
2020-11-16,Despicable Me,2010,https://boxd.it/1DD8
2020-11-16,The Wizard of Oz,1939,https://boxd.it/29Xu
2020-11-16,Gangs of New York,2002,https://boxd.it/25FG
2020-11-16,The Lego Batman Movie,2017,https://boxd.it/azp0
2020-11-16,Rise of the Planet of the Apes,2011,https://boxd.it/cS4
2020-11-16,The Darjeeling Limited,2007,https://boxd.it/24as
2020-11-16,The Seventh Seal,1957,https://boxd.it/2ahO
2020-11-16,Borat Subsequent Moviefilm,2020,https://boxd.it/rNS0
2020-11-16,Lilo & Stitch,2002,https://boxd.it/1TAY
2020-11-16,Love Actually,2003,https://boxd.it/2aeU
2020-11-16,The Birds,1963,https://boxd.it/2a6m
2020-11-16,Hercules,1997,https://boxd.it/1SDW
2020-11-16,Paddington,2014,https://boxd.it/3RKw
2020-11-16,Ted,2012,https://boxd.it/2pgc
2020-11-16,The Two Popes,2019,https://boxd.it/k8Xk
2020-11-16,Pirates of the Caribbean: At World's End,2007,https://boxd.it/2aGu
2020-11-16,Tropic Thunder,2008,https://boxd.it/20WM
2020-11-16,Elf,2003,https://boxd.it/1VyK
2020-11-16,Steve Jobs,2015,https://boxd.it/araG
2020-11-16,Jumanji,1995,https://boxd.it/1ZLI
2020-11-16,American Sniper,2014,https://boxd.it/5LDy
2020-11-16,The Little Mermaid,1989,https://boxd.it/1WYO
2020-11-16,Moulin Rouge!,2001,https://boxd.it/29wI
2020-11-16,Fear and Loathing in Las Vegas,1998,https://boxd.it/27Xs
2020-11-16,Ice Age,2002,https://boxd.it/2apS
2020-11-16,300,2006,https://boxd.it/28XI
2020-11-16,The Goonies,1985,https://boxd.it/1YVC
2020-11-16,Passengers,2016,https://boxd.it/8lFu
2020-11-16,Star Trek,2009,https://boxd.it/1Q6c
2020-11-16,Fury,2014,https://boxd.it/6JwC
2020-11-16,North by Northwest,1959,https://boxd.it/2aRM
2020-11-16,Bridesmaids,2011,https://boxd.it/rac
2020-11-16,Anchorman: The Legend of Ron Burgundy,2004,https://boxd.it/1ZVo
2020-11-16,Life of Brian,1979,https://boxd.it/2a4q
2020-11-16,Da 5 Bloods,2020,https://boxd.it/lnXw
2020-11-16,The Secret Life of Walter Mitty,2013,https://boxd.it/3SWy
2020-11-16,The Room,2003,https://boxd.it/1ICY
2020-11-16,Super 8,2011,https://boxd.it/dVI
2020-11-16,X2,2003,https://boxd.it/1a7i
2020-11-16,Loving Vincent,2017,https://boxd.it/biIQ
2020-11-16,Gremlins,1984,https://boxd.it/29gg
2020-11-16,The 40 Year Old Virgin,2005,https://boxd.it/21hK
2020-11-16,Saw,2004,https://boxd.it/2aWW
2020-11-16,Sausage Party,2016,https://boxd.it/6CCe
2020-11-16,Star Trek Into Darkness,2013,https://boxd.it/uYE
2020-11-16,"The Chronicles of Narnia: The Lion, the Witch and the Wardrobe",2005,https://boxd.it/2ark
2020-11-16,The Mask,1994,https://boxd.it/29rS
2020-11-16,Home Alone 2: Lost in New York,1992,https://boxd.it/29F6
2020-11-16,Night at the Museum,2006,https://boxd.it/28wi
2020-11-16,Indiana Jones and the Kingdom of the Crystal Skull,2008,https://boxd.it/2aR8
2020-11-16,Misery,1990,https://boxd.it/28gY
2020-11-16,The Simpsons Movie,2007,https://boxd.it/6YU
2020-11-16,Batman Returns,1992,https://boxd.it/2awa
2020-11-16,Close Encounters of the Third Kind,1977,https://boxd.it/29u8
2020-11-16,How to Train Your Dragon 2,2014,https://boxd.it/2TRW
2020-11-16,Madagascar,2005,https://boxd.it/29dc
2020-11-16,Predator,1987,https://boxd.it/2b84
2020-11-16,The King,2019,https://boxd.it/ieZs
2020-11-16,The Game,1997,https://boxd.it/26vC
2020-11-16,The Bourne Identity,2002,https://boxd.it/26EO
2020-11-16,Gran Torino,2008,https://boxd.it/1Qzy
2020-11-16,Willy Wonka & the Chocolate Factory,1971,https://boxd.it/2aLu
2020-11-16,Evil Dead II,1987,https://boxd.it/29Ge
2020-11-16,The Lost World: Jurassic Park,1997,https://boxd.it/2azS
2020-11-16,Captain Phillips,2013,https://boxd.it/3GPK
2020-11-16,Transformers,2007,https://boxd.it/280c
2020-11-16,The Maze Runner,2014,https://boxd.it/5YPM
2020-11-16,The Interview,2014,https://boxd.it/6KQ4
2020-11-16,Rain Man,1988,https://boxd.it/2avw
2020-11-16,Rango,2011,https://boxd.it/QPk
2020-11-16,Napoleon Dynamite,2004,https://boxd.it/20wu
2020-11-16,Legally Blonde,2001,https://boxd.it/1ZNa
2020-11-16,Hush,2016,https://boxd.it/d5ys
2020-11-16,The Mummy,1999,https://boxd.it/2a7a
2020-11-16,Pirates of the Caribbean: Dead Men Tell No Tales,2017,https://boxd.it/5a9m
2020-11-16,The Pursuit of Happyness,2006,https://boxd.it/28PE
2020-11-16,Seven Psychopaths,2012,https://boxd.it/34PW
2020-11-16,Space Jam,1996,https://boxd.it/26YO
2020-11-16,Coherence,2013,https://boxd.it/6xza
2020-11-16,X-Men: The Last Stand,2006,https://boxd.it/1a5Q
2020-11-16,Straight Outta Compton,2015,https://boxd.it/8rMc
2020-11-16,From Dusk Till Dawn,1996,https://boxd.it/29HQ
2020-11-16,50/50,2011,https://boxd.it/10Tw
2020-11-16,The Purge,2013,https://boxd.it/4Xg0
2020-11-16,Submarine,2010,https://boxd.it/H4a
2020-11-16,Megamind,2010,https://boxd.it/16Sk
2020-11-16,King Kong,2005,https://boxd.it/2aLa
2020-11-16,Jumanji: The Next Level,2019,https://boxd.it/ixu4
2020-11-16,Matilda,1996,https://boxd.it/1VhY
2020-11-16,Insidious,2010,https://boxd.it/H4k
2020-11-16,They Live,1988,https://boxd.it/20lm
2020-11-16,Sherlock Holmes: A Game of Shadows,2011,https://boxd.it/k3S
2020-11-16,Total Recall,1990,https://boxd.it/29qK
2020-11-16,X-Men Origins: Wolverine,2009,https://boxd.it/27ug
2020-11-16,Signs,2002,https://boxd.it/26t2
2020-11-16,The Terminal,2004,https://boxd.it/2a2O
2020-11-16,We're the Millers,2013,https://boxd.it/4srQ
2020-11-16,Shrek the Third,2007,https://boxd.it/29yY
2020-11-16,How the Grinch Stole Christmas,2000,https://boxd.it/1ZHQ
2020-11-16,The Polar Express,2004,https://boxd.it/23am
2020-11-16,Pirates of the Caribbean: On Stranger Tides,2011,https://boxd.it/27Z4
2020-11-16,Mad Max,1979,https://boxd.it/1Y7i
2020-11-16,Twin Peaks: Fire Walk with Me,1992,https://boxd.it/27Qw
2020-11-16,Neighbors,2014,https://boxd.it/5Txe
2020-11-16,Chef,2014,https://boxd.it/6lCG
2020-11-16,Bruce Almighty,2003,https://boxd.it/2aCC
2020-11-16,Taken,2008,https://boxd.it/1ZXa
2020-11-16,To Kill a Mockingbird,1962,https://boxd.it/2a2E
2020-11-16,Pineapple Express,2008,https://boxd.it/1WRS
2020-11-16,The Others,2001,https://boxd.it/27Po
2020-11-16,Zoolander,2001,https://boxd.it/1YMA
2020-11-16,Free Solo,2018,https://boxd.it/iEEq
2020-11-16,The Godfather: Part III,1990,https://boxd.it/2aN6
2020-11-16,Source Code,2011,https://boxd.it/fdo
2020-11-16,Step Brothers,2008,https://boxd.it/1SsE
2020-11-16,13 Going on 30,2004,https://boxd.it/1X6e
2020-11-16,Bill & Ted's Excellent Adventure,1989,https://boxd.it/28oI
2020-11-16,Click,2006,https://boxd.it/1YVM
2020-11-16,Despicable Me 2,2013,https://boxd.it/3gg0
2020-11-16,Fyre,2019,https://boxd.it/kP0g
2020-11-16,Clue,1985,https://boxd.it/1MDQ
2020-11-16,Won't You Be My Neighbor?,2018,https://boxd.it/hDPU
2020-11-16,Frank,2014,https://boxd.it/5hII
2020-11-16,Limitless,2011,https://boxd.it/Aly
2020-11-16,Cloudy with a Chance of Meatballs,2009,https://boxd.it/1A40
2020-11-16,50 First Dates,2004,https://boxd.it/285c
2020-11-16,Alice in Wonderland,1951,https://boxd.it/1Sz6
2020-11-16,Chicken Run,2000,https://boxd.it/20Xg
2020-11-16,Mrs. Doubtfire,1993,https://boxd.it/29Cw
2020-11-16,Cape Fear,1991,https://boxd.it/28vu
2020-11-16,The Parent Trap,1998,https://boxd.it/1XJq
2020-11-16,The Girl on the Train,2016,https://boxd.it/bCJY
2020-11-16,Mission: Impossible III,2006,https://boxd.it/29cI
2020-11-16,The Fast and the Furious,2001,https://boxd.it/1XMu
2020-11-16,Gerald's Game,2017,https://boxd.it/buKa
2020-11-16,Hellboy,2004,https://boxd.it/28HK
2020-11-16,The Trial of the Chicago 7,2020,https://boxd.it/kn3w
2020-11-16,National Treasure,2004,https://boxd.it/27x0
2020-11-16,What's Eating Gilbert Grape,1993,https://boxd.it/28xg
2020-11-16,The Twilight Saga: New Moon,2009,https://boxd.it/1Hj2
2020-11-16,Dumb and Dumber,1994,https://boxd.it/206m
2020-11-16,Men in Black 3,2012,https://boxd.it/103U
2020-11-16,Christopher Robin,2018,https://boxd.it/eSj4
2020-11-16,The Talented Mr. Ripley,1999,https://boxd.it/2924
2020-11-16,The Blues Brothers,1980,https://boxd.it/2adi
2020-11-16,War of the Worlds,2005,https://boxd.it/2bde
2020-11-16,The Lego Movie 2: The Second Part,2019,https://boxd.it/8BAU
2020-11-16,The Hangover Part II,2011,https://boxd.it/PZI
2020-11-16,"I, Robot",2004,https://boxd.it/27y8
2020-11-16,Scooby-Doo,2002,https://boxd.it/1YaQ
2020-11-16,High School Musical,2006,https://boxd.it/1V0y
2020-11-16,Sinister,2012,https://boxd.it/2TnW
2020-11-16,The Untouchables,1987,https://boxd.it/2b6i
2020-11-16,The Addams Family,1991,https://boxd.it/267g
2020-11-16,Fantastic Four,2005,https://boxd.it/1XVw
2020-11-16,Ghost World,2001,https://boxd.it/28Dy
2020-11-16,Hook,1991,https://boxd.it/29nQ
2020-11-16,Hancock,2008,https://boxd.it/1Zv6
2020-11-16,American Pie,1999,https://boxd.it/27qy
2020-11-16,Office Space,1999,https://boxd.it/28Em
2020-11-16,Bee Movie,2007,https://boxd.it/22Vw
2020-11-16,Horrible Bosses,2011,https://boxd.it/Ba2
2020-11-16,The Secret Life of Pets,2016,https://boxd.it/aJ5E
2020-11-16,The Boy in the Striped Pyjamas,2008,https://boxd.it/1NOK
2020-11-16,Bottle Rocket,1996,https://boxd.it/1PDa
2020-11-16,2012,2009,https://boxd.it/1OE2
2020-11-16,The Jungle Book,1967,https://boxd.it/1YY2
2020-11-16,Men in Black II,2002,https://boxd.it/2a0y
2020-11-16,The Butterfly Effect,2004,https://boxd.it/27M0
2020-11-16,Jurassic Park III,2001,https://boxd.it/2azI
2020-11-16,The Day After Tomorrow,2004,https://boxd.it/2aog
2020-11-16,Mad Max 2,1981,https://boxd.it/1ZPg
2020-11-16,Mission: Impossible II,2000,https://boxd.it/29cS
2020-11-16,Army of Darkness,1992,https://boxd.it/29G4
2020-11-16,Walk the Line,2005,https://boxd.it/2bdS
2020-11-16,Batman & Robin,1997,https://boxd.it/2ar0
2020-11-16,The Blind Side,2009,https://boxd.it/1zWg
2020-11-16,8 Mile,2002,https://boxd.it/2bew
2020-11-16,Paranormal Activity,2007,https://boxd.it/1yIM
2020-11-16,The Twilight Saga: Eclipse,2010,https://boxd.it/1ytW
2020-11-16,Young Frankenstein,1974,https://boxd.it/25To
2020-11-16,Labyrinth,1986,https://boxd.it/1POC
2020-11-16,The Other Guys,2010,https://boxd.it/1rtq
2020-11-16,Cars 2,2011,https://boxd.it/H4Y
2020-11-16,Freaky Friday,2003,https://boxd.it/1WwK
2020-11-16,Blood Diamond,2006,https://boxd.it/28Tm
2020-11-16,Shark Tale,2004,https://boxd.it/1VYe
2020-11-16,The Good Dinosaur,2015,https://boxd.it/3AD4
2020-11-16,Lars and the Real Girl,2007,https://boxd.it/21tG
2020-11-16,Mr. Nobody,2009,https://boxd.it/1k44
2020-11-16,Constantine,2005,https://boxd.it/2a7E
2020-11-16,The Ritual,2017,https://boxd.it/fo0I
2020-11-16,The SpongeBob SquarePants Movie,2004,https://boxd.it/1SYq
2020-11-16,The Twilight Saga: Breaking Dawn – Part 2,2012,https://boxd.it/DdC
2020-11-16,Kung Fu Panda 2,2011,https://boxd.it/G36
2020-11-16,Forgetting Sarah Marshall,2008,https://boxd.it/1XEq
2020-11-16,Blockers,2018,https://boxd.it/fxEW
2020-11-16,Batman Forever,1995,https://boxd.it/2ara
2020-11-16,Monster House,2006,https://boxd.it/1Z2e
2020-11-16,Kick-Ass 2,2013,https://boxd.it/hqu
2020-11-16,Yes Man,2008,https://boxd.it/1WPW
2020-11-16,Austin Powers: International Man of Mystery,1997,https://boxd.it/29y0
2020-11-16,Lemony Snicket's A Series of Unfortunate Events,2004,https://boxd.it/1T7s
2020-11-16,Troy,2004,https://boxd.it/29TW
2020-11-16,Into the Woods,2014,https://boxd.it/6DtW
2020-11-16,The Twilight Saga: Breaking Dawn – Part 1,2011,https://boxd.it/DdM
2020-11-16,A History of Violence,2005,https://boxd.it/2bfa
2020-11-16,Shrek Forever After,2010,https://boxd.it/1WRo
2020-11-16,Lady and the Tramp,1955,https://boxd.it/1Wv8
2020-11-16,Meet the Parents,2000,https://boxd.it/28vE
2020-11-16,It's Such a Beautiful Day,2012,https://boxd.it/hCY2
2020-11-16,The Haunting of Hill House,2018,https://boxd.it/kfJ0
2020-11-16,Wayne's World,1992,https://boxd.it/1ZHG
2020-11-16,Inside Man,2006,https://boxd.it/2auS
2020-11-16,WHAT DID JACK DO?,2017,https://boxd.it/jcWe
2020-11-16,High Fidelity,2000,https://boxd.it/2aMW
2020-11-16,Knocked Up,2007,https://boxd.it/23yS
2020-11-16,Treasure Planet,2002,https://boxd.it/1Znm
2020-11-16,Hot Rod,2007,https://boxd.it/1X9C
2020-11-16,Over the Garden Wall,2014,https://boxd.it/eqFw
2020-11-16,Election,1999,https://boxd.it/1YEc
2020-11-16,Transformers: Revenge of the Fallen,2009,https://boxd.it/20gG
2020-11-16,Liar Liar,1997,https://boxd.it/28sg
2020-11-16,Sing,2016,https://boxd.it/b5EQ
2020-11-16,Ice Age: The Meltdown,2006,https://boxd.it/2wRk
2020-11-16,Brother Bear,2003,https://boxd.it/1Xjs
2020-11-16,Anchorman 2: The Legend Continues,2013,https://boxd.it/3GNk
2020-11-16,Dark Shadows,2012,https://boxd.it/bQ2
2020-11-16,Joy,2015,https://boxd.it/8kEU
2020-11-16,Noah,2014,https://boxd.it/34QA
2020-11-16,Twin Peaks,1989,https://boxd.it/g8pk
2020-11-16,DodgeBall: A True Underdog Story,2004,https://boxd.it/1YAY
2020-11-16,Stranger Than Fiction,2006,https://boxd.it/28Za
2020-11-16,Robots,2005,https://boxd.it/1Xve
2020-11-16,Spy Kids,2001,https://boxd.it/1Xcw
2020-11-16,Little Shop of Horrors,1986,https://boxd.it/1Vqm
2020-11-16,Fantastic Four: Rise of the Silver Surfer,2007,https://boxd.it/27Ii
2020-11-16,Big Eyes,2014,https://boxd.it/36ms
2020-11-16,Happy Gilmore,1996,https://boxd.it/1Yey
2020-11-16,Hellboy II: The Golden Army,2008,https://boxd.it/1Ug6
2020-11-16,Boyz n the Hood,1991,https://boxd.it/29Ug
2020-11-16,Madagascar: Escape 2 Africa,2008,https://boxd.it/1W2K
2020-11-16,Stuart Little,1999,https://boxd.it/1WZW
2020-11-16,Percy Jackson & the Olympians: The Lightning Thief,2010,https://boxd.it/1gJi
2020-11-16,Mary and Max,2009,https://boxd.it/1y2m
2020-11-16,Anastasia,1997,https://boxd.it/1YFk
2020-11-16,Austin Powers: The Spy Who Shagged Me,1999,https://boxd.it/29xQ
2020-11-16,Tomorrowland,2015,https://boxd.it/4YaC
2020-11-16,There's Something About Mary,1998,https://boxd.it/2aae
2020-11-16,Planet of the Apes,1968,https://boxd.it/29p8
2020-11-16,The Hitchhiker's Guide to the Galaxy,2005,https://boxd.it/20VE
2020-11-16,Holes,2003,https://boxd.it/20mE
2020-11-16,Die Hard 2,1990,https://boxd.it/28zw
2020-11-16,"South Park: Bigger, Longer & Uncut",1999,https://boxd.it/1YAO
2020-11-16,Tremors,1990,https://boxd.it/1YSe
2020-11-16,National Lampoon's Christmas Vacation,1989,https://boxd.it/22wQ
2020-11-16,The Muppets,2011,https://boxd.it/1zg
2020-11-16,The Warriors,1979,https://boxd.it/1TLC
2020-11-16,Bridge to Terabithia,2007,https://boxd.it/28YG
2020-11-16,Grown Ups,2010,https://boxd.it/169a
2020-11-16,Beasts of the Southern Wild,2012,https://boxd.it/2XPK
2020-11-16,Saw II,2005,https://boxd.it/2aRs
2020-11-16,The NeverEnding Story,1984,https://boxd.it/1dE0
2020-11-16,17 Again,2009,https://boxd.it/1Jnq
2020-11-16,Meet the Robinsons,2007,https://boxd.it/28Ym
2020-11-16,Oz the Great and Powerful,2013,https://boxd.it/2cAI
2020-11-16,Austin Powers in Goldmember,2002,https://boxd.it/29xG
2020-11-16,Project X,2012,https://boxd.it/neO
2020-11-16,Get Smart,2008,https://boxd.it/1Tig
2020-11-16,The Old Man & the Gun,2018,https://boxd.it/fd1q
2020-11-16,Once,2007,https://boxd.it/22GG
2020-11-16,Across the Universe,2007,https://boxd.it/23X4
2020-11-16,Krampus,2015,https://boxd.it/8Wy6
2020-11-16,Galaxy Quest,1999,https://boxd.it/29gq
2020-11-16,Garden State,2004,https://boxd.it/2asW
2020-11-16,A Knight's Tale,2001,https://boxd.it/1YAk
2020-11-16,Fast Times at Ridgemont High,1982,https://boxd.it/1QnM
2020-11-16,Snowden,2016,https://boxd.it/9CWO
2020-11-16,A Christmas Story,1983,https://boxd.it/29sw
2020-11-16,Naked,1993,https://boxd.it/1BT4
2020-11-16,Speed Racer,2008,https://boxd.it/20UQ
2020-11-16,Ice Age: Dawn of the Dinosaurs,2009,https://boxd.it/20iC
2020-11-16,Coming to America,1988,https://boxd.it/1Ygu
2020-11-16,Team America: World Police,2004,https://boxd.it/24QS
2020-11-16,Big Daddy,1999,https://boxd.it/1ZkW
2020-11-16,Talladega Nights: The Ballad of Ricky Bobby,2006,https://boxd.it/1XYq
2020-11-16,The Book of Eli,2010,https://boxd.it/1Dnu
2020-11-16,National Treasure: Book of Secrets,2007,https://boxd.it/21rq
2020-11-16,Monsters vs Aliens,2009,https://boxd.it/1M50
2020-11-16,Addams Family Values,1993,https://boxd.it/26mq
2020-11-16,The Grey,2011,https://boxd.it/2xZE
2020-11-16,Daredevil,2003,https://boxd.it/1YzG
2020-11-16,Due Date,2010,https://boxd.it/YFs
2020-11-16,The Woman in Black,2012,https://boxd.it/4wu
2020-11-16,The Croods,2013,https://boxd.it/FRE
2020-11-16,Ender's Game,2013,https://boxd.it/2N9Y
2020-11-16,Falling Down,1993,https://boxd.it/194M
2020-11-16,Bill & Ted's Bogus Journey,1991,https://boxd.it/28oy
2020-11-16,Wet Hot American Summer,2001,https://boxd.it/27hw
2020-11-16,Mad Max Beyond Thunderdome,1985,https://boxd.it/1YTm
2020-11-16,Hotel Rwanda,2004,https://boxd.it/2aSA
2020-11-16,Ted 2,2015,https://boxd.it/6oCY
2020-11-16,Sky High,2005,https://boxd.it/1TNI
2020-11-16,World of Tomorrow,2015,https://boxd.it/9Gr6
2020-11-16,Pixels,2015,https://boxd.it/7BaA
2020-11-16,Insidious: Chapter 2,2013,https://boxd.it/3dqc
2020-11-16,Jim & Andy: The Great Beyond,2017,https://boxd.it/gO36
2020-11-16,Twister,1996,https://boxd.it/29S0
2020-11-16,Zathura: A Space Adventure,2005,https://boxd.it/21mq
2020-11-16,James and the Giant Peach,1996,https://boxd.it/1W0O
2020-11-16,The Illusionist,2006,https://boxd.it/28H6
2020-11-16,Fright Night,1985,https://boxd.it/1T4e
2020-11-16,Monty Python's The Meaning of Life,1983,https://boxd.it/249E
2020-11-16,Seeking a Friend for the End of the World,2012,https://boxd.it/376g
2020-11-16,Scooby-Doo 2: Monsters Unleashed,2004,https://boxd.it/1UPA
2020-11-16,Just Go with It,2011,https://boxd.it/Doq
2020-11-16,Remember the Titans,2000,https://boxd.it/1VLk
2020-11-16,Disturbia,2007,https://boxd.it/20rk
2020-11-16,"Honey, I Shrunk the Kids",1989,https://boxd.it/1YTw
2020-11-16,Cowboys & Aliens,2011,https://boxd.it/F2G
2020-11-16,Saw III,2006,https://boxd.it/2aRC
2020-11-16,About a Boy,2002,https://boxd.it/2aMC
2020-11-16,The Santa Clause,1994,https://boxd.it/1TWK
2020-11-16,"I Love You, Man",2009,https://boxd.it/1JZu
2020-11-16,Walk Hard: The Dewey Cox Story,2007,https://boxd.it/21wK
2020-11-16,It's Kind of a Funny Story,2010,https://boxd.it/Tfa
2020-11-16,Lawless,2012,https://boxd.it/2TIK
2020-11-16,The Dark Crystal,1982,https://boxd.it/1Tm8
2020-11-16,Nick and Norah's Infinite Playlist,2008,https://boxd.it/1Slo
2020-11-16,A Hard Day's Night,1964,https://boxd.it/29LS
2020-11-16,Bowling for Columbine,2002,https://boxd.it/28Ls
2020-11-16,John Mulaney: Kid Gorgeous at Radio City,2018,https://boxd.it/iTts
2020-11-16,Super Size Me,2004,https://boxd.it/1YQC
2020-11-16,The Last Waltz,1978,https://boxd.it/1P1U
2020-11-16,Bamboozled,2000,https://boxd.it/1xfa
2020-11-17,Vacation,2015,https://boxd.it/9n9M
2020-11-17,Animal House,1978,https://boxd.it/2062
2020-11-17,Love the Coopers,2015,https://boxd.it/aZfA
2020-11-17,Cheaper by the Dozen,2003,https://boxd.it/1USa
2020-11-17,Looney Tunes: Back in Action,2003,https://boxd.it/1Vzo
2020-11-17,Dirty Rotten Scoundrels,1988,https://boxd.it/1WZi
2020-11-17,The Muppet Christmas Carol,1992,https://boxd.it/1WgC
2020-11-17,Muppet Treasure Island,1996,https://boxd.it/1VaS
2020-11-17,Muppets from Space,1999,https://boxd.it/1WOO
2020-11-17,Evan Almighty,2007,https://boxd.it/26s4
2020-11-17,The Campaign,2012,https://boxd.it/2Hz2
2020-11-17,The Flintstones,1994,https://boxd.it/29mo
2020-11-17,Mother Night,1996,https://boxd.it/1DHE
2020-11-17,Grosse Pointe Blank,1997,https://boxd.it/1YGW
2020-11-17,The Change-Up,2011,https://boxd.it/FRu
2020-11-17,The Last Unicorn,1982,https://boxd.it/1WXQ
2020-11-17,The Incredible Burt Wonderstone,2013,https://boxd.it/45ZA
2020-11-17,A Futile and Stupid Gesture,2018,https://boxd.it/dGNk
2020-11-17,Harold & Kumar Escape from Guantanamo Bay,2008,https://boxd.it/1QoU
2020-11-17,Spy Kids 3-D: Game Over,2003,https://boxd.it/1S7w
2020-11-17,A Very Murray Christmas,2015,https://boxd.it/cBeM
2020-11-17,Osmosis Jones,2001,https://boxd.it/1RAi
2020-11-17,The Bill Murray Stories: Life Lessons Learned from a Mythical Man,2018,https://boxd.it/i85o
2020-11-17,Fahrenheit 11/9,2018,https://boxd.it/jofc
2020-11-17,Fahrenheit 9/11,2004,https://boxd.it/28a2
2020-11-17,Where to Invade Next,2015,https://boxd.it/bQiC
2020-11-17,Sicko,2007,https://boxd.it/26Sm
2020-11-17,Hotel Transylvania,2012,https://boxd.it/2DF6
2020-11-17,You Don't Mess with the Zohan,2008,https://boxd.it/1VHs
2020-11-17,Billy Madison,1995,https://boxd.it/1UQI
2020-11-17,Grown Ups 2,2013,https://boxd.it/3GAq
2020-11-17,Anger Management,2003,https://boxd.it/1YvO
2020-11-17,That's My Boy,2012,https://boxd.it/35IW
2020-11-17,The Ridiculous 6,2015,https://boxd.it/bFXk
2020-11-17,The Brothers Grimm,2005,https://boxd.it/24kW
2020-11-17,Ocean's Eleven,2001,https://boxd.it/2aZm
2020-11-23,6 Underground,2019,https://boxd.it/irU6
2020-11-23,Tell Me Who I Am,2019,https://boxd.it/ndL0
2021-03-21,Soul,2020,https://boxd.it/ioLA
2021-03-21,Onward,2020,https://boxd.it/io92
2021-03-21,Escape Room,2019,https://boxd.it/iYlS
2021-03-21,Maudie,2016,https://boxd.it/ceaW
2021-03-21,The Angry Birds Movie,2016,https://boxd.it/4PBu
2021-03-21,The Perks of Being a Wallflower,2012,https://boxd.it/2ZA8
2021-03-21,The House Bunny,2008,https://boxd.it/1RyG
2021-03-21,Edward Scissorhands,1990,https://boxd.it/2aZc
2021-03-21,Zack Snyder's Justice League,2021,https://boxd.it/tLOk
2021-03-21,WandaVision,2021,https://boxd.it/sbGW
2021-03-21,Scarface,1983,https://boxd.it/2b7g
2021-03-21,Blade Runner,1982,https://boxd.it/2bcA
2021-03-21,The Fifth Element,1997,https://boxd.it/71k
2021-05-17,The Devil Wears Prada,2006,https://boxd.it/2awE
2021-05-17,Stardust,2007,https://boxd.it/272w
2021-05-17,August Rush,2007,https://boxd.it/23kQ
2021-05-17,"The Good, the Bad and the Ugly",1966,https://boxd.it/2ape
2021-06-01,Citizen Kane,1941,https://boxd.it/71O
2021-06-01,The King of Comedy,1982,https://boxd.it/2aJS
2021-06-01,Meet the Fockers,2004,https://boxd.it/29NE
2021-06-01,Eurovision Song Contest: The Story of Fire Saga,2020,https://boxd.it/jkMG
2021-06-01,Night at the Museum: Battle of the Smithsonian,2009,https://boxd.it/1H7U
2021-06-01,Night at the Museum: Secret of the Tomb,2014,https://boxd.it/5x3m
2021-06-01,Tenacious D in The Pick of Destiny,2006,https://boxd.it/27go
2021-06-01,Tower Heist,2011,https://boxd.it/iQI
2021-06-01,Mystery Men,1999,https://boxd.it/1XIM
2021-06-01,Have a Good Trip: Adventures in Psychedelics,2020,https://boxd.it/p4KQ
2021-06-01,Insomnia,2002,https://boxd.it/2aB0
2021-06-01,Flubber,1997,https://boxd.it/1YkQ
2021-06-01,The Fisher King,1991,https://boxd.it/2aWM
2021-06-01,RV,2006,https://boxd.it/1YrW
2021-06-01,World's Greatest Dad,2009,https://boxd.it/1DVG
2021-06-01,Date Night,2010,https://boxd.it/2l5a
2021-06-01,The Pink Panther,2006,https://boxd.it/1Sys
2021-06-01,Big Fat Liar,2002,https://boxd.it/1STg
2021-06-01,Charlie's Angels,2000,https://boxd.it/24v6
2021-06-01,Miss Congeniality,2000,https://boxd.it/28GM
2021-06-01,"Dude, Where's My Car?",2000,https://boxd.it/1ZJi
2021-06-01,Little Nicky,2000,https://boxd.it/1Y4I
2021-06-01,The Perfect Storm,2000,https://boxd.it/27n0
2021-06-01,Road Trip,2000,https://boxd.it/1Z4a
2021-06-01,The Family Man,2000,https://boxd.it/22e8
2021-06-01,Pay It Forward,2000,https://boxd.it/1VJI
2021-06-01,Frequency,2000,https://boxd.it/1VXA
2021-06-01,Atlantis: The Lost Empire,2001,https://boxd.it/1Vck
2021-06-01,The Mummy Returns,2001,https://boxd.it/28cs
2021-06-01,American Pie 2,2001,https://boxd.it/26kO
2021-06-01,Bewitched,2005,https://boxd.it/1XXW
2021-06-01,Booksmart,2019,https://boxd.it/igNS
2021-06-01,Old School,2003,https://boxd.it/1TmM
2021-06-01,Can't Buy Me Love,1987,https://boxd.it/1R4c
2021-06-01,Say Anything...,1989,https://boxd.it/27B2
2021-06-01,Hot Tub Time Machine,2010,https://boxd.it/1zIS
2021-06-01,Identity,2003,https://boxd.it/26e2
2021-06-01,Love & Mercy,2014,https://boxd.it/8bd6
2021-06-01,Hot Tub Time Machine 2,2015,https://boxd.it/7anM
2021-06-01,The Raven,2012,https://boxd.it/2twS
2021-06-01,Igor,2008,https://boxd.it/1OsA
2021-06-01,Stormbreaker,2006,https://boxd.it/1XnY
2021-06-01,Percy Jackson: Sea of Monsters,2013,https://boxd.it/2D8m
2021-06-01,Dogtown and Z-Boys,2001,https://boxd.it/28Wq
2021-06-01,Rat Race,2001,https://boxd.it/1XAo
2021-06-01,Joe Dirt,2001,https://boxd.it/1UZ6
2021-06-01,Halloweentown II: Kalabar's Revenge,2001,https://boxd.it/1e98
2021-06-01,The Ring,2002,https://boxd.it/2a70
2021-06-01,Spy Kids 2: The Island of Lost Dreams,2002,https://boxd.it/1Yyo
2021-06-01,Jackass: The Movie,2002,https://boxd.it/1Zo0
2021-06-01,The Santa Clause 2,2002,https://boxd.it/1ZmI
2021-06-01,Stuart Little 2,2002,https://boxd.it/1UTW
2021-06-01,The Mothman Prophecies,2002,https://boxd.it/26xo
2021-06-01,Kung Pow: Enter the Fist,2002,https://boxd.it/1SQm
2021-06-01,Igby Goes Down,2002,https://boxd.it/1Y3A
2021-06-01,Slackers,2002,https://boxd.it/1EdA
2021-06-01,The Matrix Reloaded,2003,https://boxd.it/2a1c
2021-06-01,How to Lose a Guy in 10 Days,2003,https://boxd.it/1XwG
2021-06-01,Hulk,2003,https://boxd.it/27PS
2021-06-01,Bad Santa,2003,https://boxd.it/1WYk
2021-06-01,The League of Extraordinary Gentlemen,2003,https://boxd.it/1ZVy
2021-06-01,Johnny English,2003,https://boxd.it/1YyI
2021-06-01,American Wedding,2003,https://boxd.it/20r0
2021-06-01,The Lizzie McGuire Movie,2003,https://boxd.it/1GoA
2021-06-01,Peter Pan,2003,https://boxd.it/1VQY
2021-06-01,Daddy Day Care,2003,https://boxd.it/1VAw
2021-06-01,The Haunted Mansion,2003,https://boxd.it/1Vtq
2021-06-01,What a Girl Wants,2003,https://boxd.it/1Vwa
2021-06-01,Sinbad: Legend of the Seven Seas,2003,https://boxd.it/1Oa2
2021-06-01,The Rundown,2003,https://boxd.it/1WWo
2021-06-01,The Core,2003,https://boxd.it/1YVs
2021-06-01,The Even Stevens Movie,2003,https://boxd.it/CPU
2021-06-01,The Notebook,2004,https://boxd.it/1UNE
2021-06-01,White Chicks,2004,https://boxd.it/1SpK
2021-06-01,Van Helsing,2004,https://boxd.it/21aa
2021-06-01,Harold & Kumar Go to White Castle,2004,https://boxd.it/1Ueu
2021-06-01,Garfield,2004,https://boxd.it/1ZAA
2021-06-01,Ella Enchanted,2004,https://boxd.it/1O5G
2021-06-01,The Grudge,2004,https://boxd.it/27Jq
2021-06-01,Ray,2004,https://boxd.it/28km
2021-06-01,Christmas with the Kranks,2004,https://boxd.it/1PEW
2021-06-01,Without a Paddle,2004,https://boxd.it/1Vss
2021-06-01,Halloweentown High,2004,https://boxd.it/1dG6
2021-06-01,Sin City,2005,https://boxd.it/2aVk
2021-06-01,Chicken Little,2005,https://boxd.it/1Xnu
2021-06-01,Wedding Crashers,2005,https://boxd.it/1Yte
2021-06-01,Wallace & Gromit: The Curse of the Were-Rabbit,2005,https://boxd.it/2ac0
2021-06-01,Hitch,2005,https://boxd.it/205o
2021-06-01,The Adventures of Sharkboy and Lavagirl,2005,https://boxd.it/1Ozm
2021-06-01,The Devil's Rejects,2005,https://boxd.it/28hC
2021-06-01,The Pacifier,2005,https://boxd.it/1Xhm
2021-06-01,Hoodwinked!,2005,https://boxd.it/1UVS
2021-06-01,Nanny McPhee,2005,https://boxd.it/1Uek
2021-06-01,The Exorcism of Emily Rose,2005,https://boxd.it/200I
2021-06-01,Just Friends,2005,https://boxd.it/1XfA
2021-06-01,Cheaper by the Dozen 2,2005,https://boxd.it/1Yac
2021-06-01,Lords of Dogtown,2005,https://boxd.it/1XOg
2021-06-01,The Devil and Daniel Johnston,2005,https://boxd.it/1QzI
2021-06-01,Kicking & Screaming,2005,https://boxd.it/1XnE
2021-06-01,Everything Is Illuminated,2005,https://boxd.it/2ayg
2021-06-01,Sahara,2005,https://boxd.it/20XK
2021-06-01,Are We There Yet?,2005,https://boxd.it/1Tms
2021-06-01,American Pie Presents: Band Camp,2005,https://boxd.it/20qQ
2021-06-01,"Yours, Mine & Ours",2005,https://boxd.it/1Q2E
2021-06-01,MirrorMask,2005,https://boxd.it/1NWk
2021-06-01,Happy Feet,2006,https://boxd.it/1XH0
2021-06-01,Over the Hedge,2006,https://boxd.it/20QY
2021-06-01,She's the Man,2006,https://boxd.it/1Y7W
2021-06-01,Flushed Away,2006,https://boxd.it/1Tpm
2021-06-01,Idiocracy,2006,https://boxd.it/20RW
2021-06-01,Nacho Libre,2006,https://boxd.it/1YTG
2021-06-01,Jackass Number Two,2006,https://boxd.it/1SyM
2021-06-01,Accepted,2006,https://boxd.it/1XO6
2021-06-01,Lady in the Water,2006,https://boxd.it/1Y1E
2021-06-01,Charlotte's Web,2006,https://boxd.it/1Xn0
2021-06-01,Planet Earth,2006,https://boxd.it/5Nx8
2021-06-01,The Wicker Man,2006,https://boxd.it/1XZS
2021-06-01,The Santa Clause 3: The Escape Clause,2006,https://boxd.it/1Psw
2021-06-01,The Benchwarmers,2006,https://boxd.it/1Xr2
2021-06-01,Deck the Halls,2006,https://boxd.it/1Xpg
2021-06-01,Employee of the Month,2006,https://boxd.it/1XNi
2021-06-01,Art School Confidential,2006,https://boxd.it/1XOq
2021-06-01,Zoom,2006,https://boxd.it/1OKa
2021-06-01,Unaccompanied Minors,2006,https://boxd.it/1Hv8
2021-06-01,How to Eat Fried Worms,2006,https://boxd.it/1yhw
2021-06-01,Bon Cop Bad Cop,2006,https://boxd.it/1MV6
2021-06-01,Enchanted,2007,https://boxd.it/24co
2021-06-01,Hairspray,2007,https://boxd.it/261M
2021-06-01,Gone Baby Gone,2007,https://boxd.it/23R6
2021-06-01,Surf's Up,2007,https://boxd.it/1YKY
2021-06-01,Blades of Glory,2007,https://boxd.it/1Xrm
2021-06-01,The Bucket List,2007,https://boxd.it/20Ye
2021-06-01,Control,2007,https://boxd.it/22IC
2021-06-01,Dan in Real Life,2007,https://boxd.it/218y
2021-06-01,Wild Hogs,2007,https://boxd.it/1Uok
2021-06-01,Mr. Magorium's Wonder Emporium,2007,https://boxd.it/271o
2021-06-01,Balls of Fury,2007,https://boxd.it/1XTK
2021-06-01,Are We Done Yet?,2007,https://boxd.it/1WUi
2021-06-01,Big Stan,2007,https://boxd.it/1QGY
2021-06-01,Dear Zachary: A Letter to a Son About His Father,2008,https://boxd.it/1LW8
2021-06-01,Marley & Me,2008,https://boxd.it/1Ola
2021-06-01,The Strangers,2008,https://boxd.it/1VGY
2021-06-01,Changeling,2008,https://boxd.it/25aS
2021-06-01,21,2008,https://boxd.it/20BO
2021-06-01,Role Models,2008,https://boxd.it/1MmK
2021-06-01,Bedtime Stories,2008,https://boxd.it/1WPM
2021-06-01,Zack and Miri Make a Porno,2008,https://boxd.it/1WsI
2021-06-01,"Definitely, Maybe",2008,https://boxd.it/20eU
2021-06-01,Journey to the Center of the Earth,2008,https://boxd.it/38EI
2021-06-01,Be Kind Rewind,2008,https://boxd.it/23Au
2021-06-01,The Spiderwick Chronicles,2008,https://boxd.it/20v2
2021-06-01,Eagle Eye,2008,https://boxd.it/1QZc
2021-06-01,Four Christmases,2008,https://boxd.it/1SjM
2021-06-01,"10,000 BC",2008,https://boxd.it/20NK
2021-06-01,Inkheart,2008,https://boxd.it/26XG
2021-06-01,Dr. Horrible's Sing-Along Blog,2008,https://boxd.it/2wqy
2021-06-01,Ghost Town,2008,https://boxd.it/1Rd4
2021-06-01,Anvil! The Story of Anvil,2008,https://boxd.it/1HzO
2021-06-01,The Rocker,2008,https://boxd.it/1WSm
2021-06-01,Wild Combination: A Portrait of Arthur Russell,2008,https://boxd.it/vP4
2021-06-01,The Wrecking Crew,2008,https://boxd.it/2uvG
2021-06-01,A Muppets Christmas: Letters to Santa,2008,https://boxd.it/1smK
2021-06-01,Adventureland,2009,https://boxd.it/1JTQ
2021-06-01,A Christmas Carol,2009,https://boxd.it/1HKW
2021-06-01,9,2009,https://boxd.it/1Scm
2021-06-01,Paul Blart: Mall Cop,2009,https://boxd.it/1NQw
2021-06-01,Precious,2009,https://boxd.it/1v6K
2021-06-01,Knowing,2009,https://boxd.it/1Pmy
2021-06-01,Law Abiding Citizen,2009,https://boxd.it/1A2I
2021-06-01,Confessions of a Shopaholic,2009,https://boxd.it/1E9e
2021-06-01,Funny People,2009,https://boxd.it/1CRy
2021-06-01,The Imaginarium of Doctor Parnassus,2009,https://boxd.it/20DA
2021-06-01,Year One,2009,https://boxd.it/1Ink
2021-06-01,Observe and Report,2009,https://boxd.it/1Joe
2021-06-01,Youth in Revolt,2009,https://boxd.it/1AK6
2021-06-01,Land of the Lost,2009,https://boxd.it/1Htc
2021-06-01,Push,2009,https://boxd.it/1Q8W
2021-06-01,Couples Retreat,2009,https://boxd.it/1EnU
2021-06-01,Race to Witch Mountain,2009,https://boxd.it/1PiQ
2021-06-01,The Fourth Kind,2009,https://boxd.it/1zZY
2021-06-02,Brick,2005,https://boxd.it/1Z6A
2021-06-02,Clash of the Titans,2010,https://boxd.it/1GfI
2021-06-02,Diary of a Wimpy Kid,2010,https://boxd.it/1fUa
2021-06-02,Leap Year,2010,https://boxd.it/1wdC
2021-06-02,Dinner for Schmucks,2010,https://boxd.it/15dA
2021-06-02,The Sorcerer's Apprentice,2010,https://boxd.it/1sGg
2021-06-02,Rubber,2010,https://boxd.it/P2m
2021-06-02,Jackass 3D,2010,https://boxd.it/1KpM
2021-06-02,Gulliver's Travels,2010,https://boxd.it/15iK
2021-06-02,Catfish,2010,https://boxd.it/Xfy
2021-06-02,Everything Must Go,2010,https://boxd.it/P0U
2021-06-02,Skyline,2010,https://boxd.it/WhS
2021-06-02,Rush: Beyond The Lighted Stage,2010,https://boxd.it/108U
2021-06-02,Who Is Harry Nilsson (And Why Is Everybody Talkin' About Him?),2010,https://boxd.it/xpW
2021-06-02,The 41–Year–Old Virgin Who Knocked Up Sarah Marshall and Felt Superbad About It,2010,https://boxd.it/15HK
2021-06-02,Green Lantern,2011,https://boxd.it/QN4
2021-06-02,Paul,2011,https://boxd.it/13uE
2021-06-02,Rio,2011,https://boxd.it/NKc
2021-06-02,Bad Teacher,2011,https://boxd.it/yXA
2021-06-02,The Green Hornet,2011,https://boxd.it/10TQ
2021-06-02,The Lincoln Lawyer,2011,https://boxd.it/DRM
2021-06-02,We Bought a Zoo,2011,https://boxd.it/2AU8
2021-06-02,Another Earth,2011,https://boxd.it/rRA
2021-06-02,The Strange Thing About the Johnsons,2011,https://boxd.it/56nO
2021-06-02,30 Minutes or Less,2011,https://boxd.it/bRa
2021-06-02,Unknown,2011,https://boxd.it/JbW
2021-06-02,Goon,2011,https://boxd.it/2B6o
2021-06-02,Our Idiot Brother,2011,https://boxd.it/hac
2021-06-02,Hop,2011,https://boxd.it/DQa
2021-06-02,Hall Pass,2011,https://boxd.it/H8G
2021-06-02,The Inbetweeners Movie,2011,https://boxd.it/2v50
2021-06-02,Hobo with a Shotgun,2011,https://boxd.it/H5s
2021-06-02,Win Win,2011,https://boxd.it/r9y
2021-06-02,Being Elmo: A Puppeteer's Journey,2011,https://boxd.it/2xH6
2021-06-02,Bucky Larson: Born to Be a Star,2011,https://boxd.it/2eCc
2021-06-02,Looper,2012,https://boxd.it/ham
2021-06-02,Argo,2012,https://boxd.it/2czU
2021-06-02,Prometheus,2012,https://boxd.it/2s9e
2021-06-02,The Lorax,2012,https://boxd.it/2w9M
2021-06-02,Taken 2,2012,https://boxd.it/2TWi
2021-06-02,This Is 40,2012,https://boxd.it/39WI
2021-06-02,Searching for Sugar Man,2012,https://boxd.it/2Y3s
2021-06-02,American Reunion,2012,https://boxd.it/2qH4
2021-06-02,John Mulaney: New in Town,2012,https://boxd.it/359M
2021-06-02,Hitchcock,2012,https://boxd.it/3LDa
2021-06-02,Premium Rush,2012,https://boxd.it/FQw
2021-06-02,Journey 2: The Mysterious Island,2012,https://boxd.it/2o8m
2021-06-02,Wanderlust,2012,https://boxd.it/D9q
2021-06-02,The Central Park Five,2012,https://boxd.it/45ea
2021-06-02,Short Term 12,2013,https://boxd.it/5f6s
2021-06-02,Pain & Gain,2013,https://boxd.it/4lp4
2021-06-02,Blackfish,2013,https://boxd.it/4Ym4
2021-06-02,Sharknado,2013,https://boxd.it/69Qc
2021-06-02,Drinking Buddies,2013,https://boxd.it/5jhk
2021-06-02,21 & Over,2013,https://boxd.it/3DOk
2021-06-02,20 Feet from Stardom,2013,https://boxd.it/4Yoa
2021-06-02,CBGB,2013,https://boxd.it/3Kba
2021-06-02,Muscle Shoals,2013,https://boxd.it/4Yui
2021-06-02,The Purge: Anarchy,2014,https://boxd.it/71zk
2021-06-02,Calvary,2014,https://boxd.it/4WE6
2021-06-02,St. Vincent,2014,https://boxd.it/73bE
2021-06-02,Mr. Peabody & Sherman,2014,https://boxd.it/2TRM
2021-06-02,Hector and the Search for Happiness,2014,https://boxd.it/7tvq
2021-06-02,The Big Short,2015,https://boxd.it/ajZw
2021-06-02,Daddy's Home,2015,https://boxd.it/8jSc
2021-06-02,The SpongeBob Movie: Sponge Out of Water,2015,https://boxd.it/6JxU
2021-06-02,Mr. Right,2015,https://boxd.it/aZkK
2021-06-02,Now You See Me 2,2016,https://boxd.it/99fw
2021-06-02,Popstar: Never Stop Never Stopping,2016,https://boxd.it/blDa
2021-06-02,Miss Peregrine's Home for Peculiar Children,2016,https://boxd.it/8KPu
2021-06-02,Ouija: Origin of Evil,2016,https://boxd.it/b5EG
2021-06-02,Mike and Dave Need Wedding Dates,2016,https://boxd.it/aciK
2021-06-02,Christine,2016,https://boxd.it/bhFm
2021-06-02,Wonder Woman,2017,https://boxd.it/9roG
2021-06-02,Baywatch,2017,https://boxd.it/biG6
2021-06-02,The Hitman's Bodyguard,2017,https://boxd.it/dCmO
2021-06-02,1922,2017,https://boxd.it/g8CS
2021-06-02,The Emoji Movie,2017,https://boxd.it/d9x4
2021-06-02,The House,2017,https://boxd.it/bAHw
2021-06-02,The Mule,2018,https://boxd.it/idcY
2021-06-02,The Grinch,2018,https://boxd.it/chpK
2021-06-02,The Platform,2019,https://boxd.it/mUm6
2021-06-02,"Extremely Wicked, Shockingly Evil and Vile",2019,https://boxd.it/glCG
2021-06-02,John Mulaney & The Sack Lunch Bunch,2019,https://boxd.it/o9Fu
2021-06-02,Nomadland,2020,https://boxd.it/lnRy
2021-06-02,Holidate,2020,https://boxd.it/mLcc
2021-06-02,The SpongeBob Movie: Sponge on the Run,2020,https://boxd.it/e1Ac
2021-06-02,The Last Blockbuster,2020,https://boxd.it/pWZA
2021-06-02,Sleepy Hollow,1999,https://boxd.it/26u0
2021-06-02,Never Been Kissed,1999,https://boxd.it/1U3c
2021-06-02,Blast from the Past,1999,https://boxd.it/1ToS
2021-06-02,In the Heat of the Night,1967,https://boxd.it/1VLY
2021-06-02,Crumb,1994,https://boxd.it/1tDi
2021-06-02,Monterey Pop,1968,https://boxd.it/WpC
2021-06-02,The Discreet Charm of the Bourgeoisie,1972,https://boxd.it/2440
2021-06-02,The Master,2012,https://boxd.it/2cBG
2021-06-02,The Mask of Zorro,1998,https://boxd.it/1YVi
2021-06-02,The Waterboy,1998,https://boxd.it/1VHi
2021-06-02,Halloweentown,1998,https://boxd.it/1qPq
2021-06-02,Sphere,1998,https://boxd.it/1WXm
2021-06-02,Madeline,1998,https://boxd.it/1c7k
2021-06-02,The Edge,1997,https://boxd.it/1YH6
2021-06-02,Private Parts,1997,https://boxd.it/1YLM
2021-06-02,RocketMan,1997,https://boxd.it/19Ns
2021-06-02,Mission: Impossible,1996,https://boxd.it/29d2
2021-06-02,Jingle All the Way,1996,https://boxd.it/1Z58
2021-06-02,That Thing You Do!,1996,https://boxd.it/1Yig
2021-06-02,The Frighteners,1996,https://boxd.it/1Vq2
2021-06-02,Multiplicity,1996,https://boxd.it/1Z16
2021-06-02,Kazaam,1996,https://boxd.it/1TGi
2021-06-02,Empire Records,1995,https://boxd.it/1PY8
2021-06-02,Clerks,1994,https://boxd.it/2706
2021-06-02,Stargate,1994,https://boxd.it/27iu
2021-06-02,The Little Rascals,1994,https://boxd.it/1V8i
2021-06-02,Ri¢hie Ri¢h,1994,https://boxd.it/1URw
2021-06-02,Miracle on 34th Street,1994,https://boxd.it/1W5k
2021-06-02,Hocus Pocus,1993,https://boxd.it/1Wgi
2021-06-02,The Sandlot,1993,https://boxd.it/1TDy
2021-06-02,Last Action Hero,1993,https://boxd.it/1YhW
2021-06-02,Robin Hood: Men in Tights,1993,https://boxd.it/20H8
2021-06-02,Cool Runnings,1993,https://boxd.it/29qg
2021-06-02,Super Mario Bros.,1993,https://boxd.it/1YfG
2021-06-02,Wayne's World 2,1993,https://boxd.it/1ZHw
2021-06-02,Leprechaun,1993,https://boxd.it/1T2i
2021-06-02,Searching for Bobby Fischer,1993,https://boxd.it/1OmW
2021-06-02,Hearts of Darkness: A Filmmaker's Apocalypse,1991,https://boxd.it/24ai
2021-06-02,Robin Hood: Prince of Thieves,1991,https://boxd.it/20hu
2021-06-02,The Doors,1991,https://boxd.it/1W18
2021-06-02,City Slickers,1991,https://boxd.it/28P0
2021-06-02,Dead Again,1991,https://boxd.it/1TIe
2021-06-02,Ernest Scared Stupid,1991,https://boxd.it/1gGS
2021-06-02,Jacob's Ladder,1990,https://boxd.it/270g
2021-06-02,It,1990,https://boxd.it/26tG
2021-06-02,The Witches,1990,https://boxd.it/1WVg
2021-06-02,Teenage Mutant Ninja Turtles,1990,https://boxd.it/28FY
2021-06-02,Kindergarten Cop,1990,https://boxd.it/29dm
2021-06-02,Mr. Destiny,1990,https://boxd.it/26za
2021-06-02,Heathers,1989,https://boxd.it/26x4
2021-06-02,Ghostbusters II,1989,https://boxd.it/261s
2021-06-02,Field of Dreams,1989,https://boxd.it/26VK
2021-06-02,Driving Miss Daisy,1989,https://boxd.it/2asC
2021-06-02,Uncle Buck,1989,https://boxd.it/26yG
2021-06-02,The Naked Gun: From the Files of Police Squad!,1988,https://boxd.it/18YE
2021-06-02,Child's Play,1988,https://boxd.it/1VTo
2021-06-02,A Fish Called Wanda,1988,https://boxd.it/29YC
2021-06-02,Scrooged,1988,https://boxd.it/1Y9e
2021-06-02,Ernest Saves Christmas,1988,https://boxd.it/1tXW
2021-06-02,Innerspace,1987,https://boxd.it/26yQ
2021-06-02,The Color of Money,1986,https://boxd.it/1SSM
2021-06-02,Crossroads,1986,https://boxd.it/1Mk0
2021-06-02,Legend,1985,https://boxd.it/1SCY
2021-06-02,Return to Oz,1985,https://boxd.it/1QHM
2021-06-02,National Lampoon's European Vacation,1985,https://boxd.it/1TTc
2021-06-02,Amadeus,1984,https://boxd.it/2aH8
2021-06-02,Romancing the Stone,1984,https://boxd.it/1YXS
2021-06-02,Streets of Fire,1984,https://boxd.it/1Nt8
2021-06-02,The Outsiders,1983,https://boxd.it/2aPw
2021-06-02,National Lampoon's Vacation,1983,https://boxd.it/1Uvq
2021-06-02,Pink Floyd: The Wall,1982,https://boxd.it/1Sxk
2021-06-02,Heavy Metal,1981,https://boxd.it/1SZI
2021-06-02,There's Something Wrong with Aunt Diane,2011,https://boxd.it/2sva
2021-06-02,Boogie Nights,1997,https://boxd.it/23um
2021-06-02,The Squid and the Whale,2005,https://boxd.it/1VAG
2021-06-02,Now and Then,1995,https://boxd.it/1Z7I
2021-06-02,Horton Hears a Who!,2008,https://boxd.it/1SfA
2021-06-02,Up in Smoke,1978,https://boxd.it/1TOm
2021-06-02,The Texas Chain Saw Massacre,1974,https://boxd.it/1lcS
2021-06-02,Black Christmas,1974,https://boxd.it/1Js6
2021-06-02,The Jerk,1979,https://boxd.it/21EO
2021-06-02,Mary Poppins,1964,https://boxd.it/2aoA
2021-06-02,Butch Cassidy and the Sundance Kid,1969,https://boxd.it/29Vy
2021-06-04,The Craft,1996,https://boxd.it/1Zai
2021-06-04,The Nun,2018,https://boxd.it/fBkw
2021-06-09,A Serious Man,2009,https://boxd.it/1RFW
2021-06-09,Erin Brockovich,2000,https://boxd.it/2al2
2021-06-09,Before the Devil Knows You're Dead,2007,https://boxd.it/20Jy
2021-06-10,Hard Eight,1996,https://boxd.it/20DU
2021-06-11,The Meyerowitz Stories (New and Selected),2017,https://boxd.it/dSp0
2021-06-12,Croupier,1998,https://boxd.it/1Rne
2021-06-15,Black Holes: The Edge of All We Know,2020,https://boxd.it/pBoI
2021-06-15,MacGruber,2010,https://boxd.it/17ay
2021-06-15,The Laundromat,2019,https://boxd.it/iLUK
2021-06-15,Dave Made a Maze,2017,https://boxd.it/fof4
2021-06-15,Grizzly Man,2005,https://boxd.it/2ag2
2021-06-15,Hands on a Hardbody: The Documentary,1997,https://boxd.it/1GDK
2021-06-16,Shadow,2018,https://boxd.it/gzLi
2021-06-16,The Meteor Man,1993,https://boxd.it/1Uhe
2021-06-16,Into the Inferno,2016,https://boxd.it/cfue
2021-06-16,Happy People: A Year in the Taiga,2010,https://boxd.it/3adu
2021-06-16,Hellraiser,1987,https://boxd.it/1Zpi
2021-06-16,Sorry to Bother You,2018,https://boxd.it/f21E
2021-06-16,Girl & Chocolate - Pretty Sweet,2012,https://boxd.it/4BP8
2021-06-16,Where the Wild Things Are,2009,https://boxd.it/1K0C
2021-06-17,"Aguirre, the Wrath of God",1972,https://boxd.it/27Fe
2021-06-24,Confessions of a Dangerous Mind,2002,https://boxd.it/23Gi
2021-06-24,Big Trouble in Little China,1986,https://boxd.it/21em
2021-06-25,Quiz Show,1994,https://boxd.it/1TPa
2021-06-26,Luca,2021,https://boxd.it/ipjC
2021-06-27,Raising Arizona,1987,https://boxd.it/2avQ
2021-06-29,Beowulf,2007,https://boxd.it/26Xw
2021-06-29,Long Shot,2017,https://boxd.it/h8oI
2021-06-29,Planet Terror,2007,https://boxd.it/27Gw
2021-06-29,Death Proof,2007,https://boxd.it/27GG
2021-06-29,Grindhouse,2007,https://boxd.it/8RwY
2021-06-30,Punch-Drunk Love,2002,https://boxd.it/20E4
2021-07-03,Road House,1989,https://boxd.it/1X0g
2021-07-05,Manhattan Murder Mystery,1993,https://boxd.it/1Wg8
2021-07-06,Roma,2018,https://boxd.it/f69M
2021-07-06,Road to Roma,2020,https://boxd.it/o82m
2021-07-22,Waiting...,2005,https://boxd.it/20Pw
2021-07-22,Fear Street: 1994,2021,https://boxd.it/lLBk
2021-07-22,Fear Street: 1978,2021,https://boxd.it/lLBu
2021-07-22,Fear Street: 1666,2021,https://boxd.it/lLBE
2021-07-22,The Final Girls,2015,https://boxd.it/9gv2
2021-07-23,Aliens,1986,https://boxd.it/29PA
2021-07-23,Alien³,1992,https://boxd.it/20zS
2021-07-23,Alien Resurrection,1997,https://boxd.it/20zI
2021-07-23,Alien: Covenant,2017,https://boxd.it/49UY
2021-07-23,Commando,1985,https://boxd.it/1UTs
2021-07-24,First Blood,1982,https://boxd.it/28U0
2021-07-27,Weird Science,1985,https://boxd.it/1T1O
2021-07-27,Meatballs,1979,https://boxd.it/1OTc
2021-07-27,From Hell,2001,https://boxd.it/29FK
2021-07-27,The Dead Zone,1983,https://boxd.it/1U6g
2021-07-29,The Fly,1986,https://boxd.it/1YIe
2021-07-29,Dead Ringers,1988,https://boxd.it/1Yqk
2021-07-29,Beautiful Boy,2018,https://boxd.it/g76Q
2021-07-29,Adaptation.,2002,https://boxd.it/26mA
2021-07-29,Magnolia,1999,https://boxd.it/2aze
2021-07-29,Videodrome,1983,https://boxd.it/29uC
2021-07-30,"Synecdoche, New York",2008,https://boxd.it/23zw
2021-07-30,Ghost Dog: The Way of the Samurai,1999,https://boxd.it/23Ne
2021-07-31,Rashomon,1950,https://boxd.it/2a9K
2021-08-03,The Graduate,1967,https://boxd.it/18Im
2021-08-03,The Village,2004,https://boxd.it/21iS
2021-08-13,Phantom Thread,2017,https://boxd.it/e4uc
2021-08-17,The Suicide Squad,2021,https://boxd.it/fw6O
2021-09-07,Sleepaway Camp,1983,https://boxd.it/1PSY
2021-09-28,Pumpkinhead,1988,https://boxd.it/1tJq
2021-09-29,Don't Look Under the Bed,1999,https://boxd.it/2sGM
2021-10-02,Free Guy,2021,https://boxd.it/k8dm
2021-10-06,Invasion of the Body Snatchers,1978,https://boxd.it/1SWk
2021-10-06,House on Haunted Hill,1959,https://boxd.it/1Ln8
2021-10-09,The Alligator People,1959,https://boxd.it/Vhi
2021-10-18,Creep,2014,https://boxd.it/7l4c
2021-10-18,The Conjuring: The Devil Made Me Do It,2021,https://boxd.it/eXZY
2021-10-19,Night of the Living Dead,1968,https://boxd.it/1WwA
2021-10-29,Halloween,1978,https://boxd.it/2wRu
2021-11-01,Psycho,1960,https://boxd.it/2ab2
2021-11-04,House of 1000 Corpses,2003,https://boxd.it/26uE
2021-11-14,Minari,2020,https://boxd.it/mL9M
2021-11-14,The French Dispatch,2021,https://boxd.it/jLP8
2021-11-15,Smokey and the Bandit,1977,https://boxd.it/1USk
2021-11-17,The Green Knight,2021,https://boxd.it/kuy2
2021-11-17,Red Notice,2021,https://boxd.it/ixtq
2021-11-17,Sound of Metal,2019,https://boxd.it/i7Q4
2021-11-22,Shang-Chi and the Legend of the Ten Rings,2021,https://boxd.it/kLDI
2021-11-22,Rocketman,2019,https://boxd.it/iehK
2021-11-22,"Lock, Stock and Two Smoking Barrels",1998,https://boxd.it/2b92
2021-12-18,Spider-Man: No Way Home,2021,https://boxd.it/nwRw
2021-12-20,The Father,2020,https://boxd.it/m8Ie
2021-12-26,Don't Look Up,2021,https://boxd.it/o0Hc
2021-12-27,The Favourite,2018,https://boxd.it/d2hI
2021-12-29,Mindhorn,2016,https://boxd.it/dhgK
2022-01-03,"tick, tick...BOOM!",2021,https://boxd.it/jz2e
2022-01-04,Zola,2020,https://boxd.it/jEWQ
2022-01-09,Love Story,1970,https://boxd.it/1Zgg
2022-01-09,Chopping Mall,1986,https://boxd.it/1ow2
2022-01-11,Burden of Dreams,1982,https://boxd.it/XGk
2022-01-12,Comic Book Confidential,1988,https://boxd.it/10Oc
2022-01-12,Down by Law,1986,https://boxd.it/28CA
2022-01-12,Coffee and Cigarettes,2003,https://boxd.it/29nc
2022-01-18,The Mitchells vs. The Machines,2021,https://boxd.it/i7xm
2022-01-18,Crocodile Dundee,1986,https://boxd.it/1Y5Q
2022-01-18,Crocodile Dundee II,1988,https://boxd.it/1YMU
2022-01-18,Eternals,2021,https://boxd.it/j36o
2022-01-24,The House,2022,https://boxd.it/yVza
2022-01-27,Leaving Las Vegas,1995,https://boxd.it/2amE
2022-01-28,The Beatles: Get Back,2021,https://boxd.it/xo7A
2022-01-29,Tenet,2020,https://boxd.it/leq4
2022-02-02,The Tragedy of Macbeth,2021,https://boxd.it/lMi4
2022-03-01,Best in Show,2000,https://boxd.it/1Pqq
2022-03-08,Fresh,2022,https://boxd.it/tCNi
2022-03-09,Pig,2021,https://boxd.it/nzoW
2022-03-10,Bridget Jones's Diary,2001,https://boxd.it/29WQ
2022-03-13,The Adam Project,2022,https://boxd.it/q2Dg
2022-03-14,Not Another Teen Movie,2001,https://boxd.it/1TWq
2022-03-14,The Batman,2022,https://boxd.it/eDGs
2022-03-14,Turning Red,2022,https://boxd.it/ipkq
2022-03-15,Call Me by Your Name,2017,https://boxd.it/dYmm
2022-03-20,Contact,1997,https://boxd.it/29OM
2022-03-20,The Long Kiss Goodnight,1996,https://boxd.it/1TUa
2022-03-21,Before Sunrise,1995,https://boxd.it/2bcU
2022-03-28,The Lost Daughter,2021,https://boxd.it/kgww
2022-04-10,The Da Vinci Code,2006,https://boxd.it/2a3i
2022-04-13,Death on the Nile,2022,https://boxd.it/ifpg
2022-04-17,Dune,2021,https://boxd.it/fA7G
2022-04-20,Jackass Forever,2022,https://boxd.it/opUg
2022-04-22,The King's Man,2021,https://boxd.it/h714
2022-04-23,Stalker,1979,https://boxd.it/28PO
2022-04-23,Werner Herzog Eats His Shoe,1980,https://boxd.it/3pcw
2022-04-25,Tampopo,1985,https://boxd.it/1SZe
2022-04-25,Fantastic Planet,1973,https://boxd.it/1KnQ
2022-04-25,House,1977,https://boxd.it/1vsm
2022-04-27,Solaris,1972,https://boxd.it/2a2Y
2022-04-27,Heat,1995,https://boxd.it/2bg8
2022-05-02,Old Joy,2006,https://boxd.it/1tIW
2022-05-02,PlayTime,1967,https://boxd.it/1WLK
2022-05-02,Slacker,1990,https://boxd.it/1OUu
2022-05-09,"Paris, Texas",1984,https://boxd.it/29Ts
2022-05-10,Blue Velvet,1986,https://boxd.it/29BI
2022-05-11,Cléo from 5 to 7,1962,https://boxd.it/2agm
2022-05-11,Breathless,1960,https://boxd.it/2aIK
2022-05-12,The Daytrippers,1996,https://boxd.it/F9i
2022-05-12,Spartacus,1960,https://boxd.it/29bq
2022-05-14,SubUrbia,1996,https://boxd.it/1qlK
2022-05-16,The Player,1992,https://boxd.it/1WlM
2022-05-17,Come and See,1985,https://boxd.it/1w9q
2022-05-17,Oculus,2013,https://boxd.it/4W9M
2022-05-18,The 400 Blows,1959,https://boxd.it/2b1C
2022-05-19,Le Samouraï,1967,https://boxd.it/22ZI
2022-05-24,Windy Day,1968,https://boxd.it/4372
2022-05-24,The Tender Game,1958,https://boxd.it/55mq
2022-05-24,Ed Wood,1994,https://boxd.it/2adM
2022-05-25,Police Story,1985,https://boxd.it/1Zhe
2022-05-28,Everything Everywhere All at Once,2022,https://boxd.it/jUk4
2022-06-01,8½,1963,https://boxd.it/2aqm
2022-06-02,Vicky Cristina Barcelona,2008,https://boxd.it/23rW
2022-06-03,Belle de Jour,1967,https://boxd.it/29Uq
2022-06-04,Daisies,1966,https://boxd.it/LZk
2022-06-04,The Florida Project,2017,https://boxd.it/dMG0
2022-06-04,The Wicker Man,1973,https://boxd.it/1KnG
2022-06-07,In the Mood for Love,2000,https://boxd.it/29tE
2022-06-07,Frances Ha,2012,https://boxd.it/41Xg
2022-06-30,Our Father,2022,https://boxd.it/Am5e
2022-06-30,Dick Johnson Is Dead,2020,https://boxd.it/oigy
2022-07-03,The 39 Steps,1935,https://boxd.it/2aKc
2022-07-04,Before Sunset,2004,https://boxd.it/2bcg
2022-07-04,Before Midnight,2013,https://boxd.it/4ive
2022-07-06,Doctor Strange in the Multiverse of Madness,2022,https://boxd.it/gaTc
2022-07-06,The American Friend,1977,https://boxd.it/1UkC
2022-07-06,Black Panthers,1968,https://boxd.it/4BCe
2022-07-26,Friday,1995,https://boxd.it/1VLO
2022-07-26,Time Bandits,1981,https://boxd.it/19KI
2022-08-02,Secretary,2002,https://boxd.it/1URc
2022-08-03,Charade,1963,https://boxd.it/23O2
2022-08-03,Amélie,2001,https://boxd.it/2aUc
2022-08-04,Walker,1987,https://boxd.it/1pzc
2022-08-11,Schizopolis,1996,https://boxd.it/1Keu
2022-08-11,Gap-Toothed Women,1987,https://boxd.it/4Qyw
2022-08-11,Asparagus,1979,https://boxd.it/19AS
2022-08-11,The Northman,2022,https://boxd.it/nK2s
2022-08-12,Notting Hill,1999,https://boxd.it/2aeK
2022-08-12,American Splendor,2003,https://boxd.it/26kE
2022-08-12,Brazil,1985,https://boxd.it/2be2
2022-08-15,Licorice Pizza,2021,https://boxd.it/qTKY
2022-08-16,The Worst Person in the World,2021,https://boxd.it/oyws
2022-08-19,Repo Man,1984,https://boxd.it/1Plg
2022-08-21,After Yang,2021,https://boxd.it/lx5a
2022-08-21,Nightmare Alley,2021,https://boxd.it/m0HC
2022-08-23,The Ballad of Crowfoot,1968,https://boxd.it/c2TK
2022-08-23,Badlands,1973,https://boxd.it/25Fm
2022-08-24,Nope,2022,https://boxd.it/sDCe
2022-08-25,Withnail & I,1987,https://boxd.it/1Qa4
2022-08-28,After Life,1998,https://boxd.it/1HMI
2022-08-28,Trafic,1971,https://boxd.it/1TZu
2022-08-29,X,2022,https://boxd.it/sxVa
2022-08-29,Mon Oncle,1958,https://boxd.it/2apy
2022-08-29,Jour de fête,1949,https://boxd.it/243Q
2022-08-30,Dr. Strangelove or: How I Learned to Stop Worrying and Love the Bomb,1964,https://boxd.it/29eY
2022-08-30,School for Postmen,1947,https://boxd.it/2uAG
2022-08-30,Good Burger,1997,https://boxd.it/1Nkg
2022-08-30,Monsieur Hulot's Holiday,1953,https://boxd.it/29E8
2022-08-31,Wilson,2017,https://boxd.it/bCJu
2022-08-31,"Paris, Je T'Aime",2006,https://boxd.it/273a
2022-08-31,The Pink Panther,1963,https://boxd.it/29eO
2022-09-02,Being There,1979,https://boxd.it/1WxS
2022-09-02,A Shot in the Dark,1964,https://boxd.it/28w8
2022-09-07,Journey to the Beginning of Time,1955,https://boxd.it/1ZQo
2022-09-07,Top of the Heap,1972,https://boxd.it/3kFo
2022-09-14,Thor: Love and Thunder,2022,https://boxd.it/mMAY
2022-09-19,Jennifer's Body,2009,https://boxd.it/1Efw
2022-09-19,Yojimbo,1961,https://boxd.it/1SRY
2022-09-19,The Umbrellas of Cherbourg,1964,https://boxd.it/22fK
2022-09-19,Häxan,1922,https://boxd.it/n4O
2022-09-19,Stagecoach,1939,https://boxd.it/297S
2022-09-20,Gentlemen Broncos,2009,https://boxd.it/1A0s
2022-09-21,Prey,2022,https://boxd.it/sNBU
2022-09-24,Scary Movie 2,2001,https://boxd.it/24Cw
2022-09-27,Scanners,1981,https://boxd.it/1YqE
2022-09-28,Creep 2,2017,https://boxd.it/dSEO
2022-09-29,The Ninth Gate,1999,https://boxd.it/29YM
2022-09-30,The Brood,1979,https://boxd.it/1ovS
2022-10-02,Casper,1995,https://boxd.it/1ZMw
2022-10-02,Dracula,1931,https://boxd.it/2b34
2022-10-02,Frankenstein,1931,https://boxd.it/25Te
2022-10-02,The Mummy,1932,https://boxd.it/1LnW
2022-10-03,The Invisible Man,1933,https://boxd.it/1VoK
2022-10-04,The Black Cat,1934,https://boxd.it/1yik
2022-10-04,The Bride of Frankenstein,1935,https://boxd.it/2aPc
2022-10-05,The Raven,1935,https://boxd.it/1HSw
2022-10-05,Creature from the Black Lagoon,1954,https://boxd.it/1UXk
2022-10-07,The Lair of the White Worm,1988,https://boxd.it/1U4u
2022-10-07,Prince of Darkness,1987,https://boxd.it/1ZKq
2022-10-08,Q,1982,https://boxd.it/1r7a
2022-10-09,The Keep,1983,https://boxd.it/1umW
2022-10-09,Werewolf by Night,2022,https://boxd.it/xMrO
2022-10-10,The Slumber Party Massacre,1982,https://boxd.it/1rIq
2022-10-11,Vampire's Kiss,1988,https://boxd.it/21aY
2022-10-13,Thirst,2009,https://boxd.it/1Aqq
2022-10-14,Near Dark,1987,https://boxd.it/1SRO
2022-10-14,Dead Kids,1981,https://boxd.it/12Ci
2022-10-14,Basket Case,1982,https://boxd.it/1qV4
2022-10-16,The Wolf Man,1941,https://boxd.it/1PG4
2022-10-16,Roadgames,1981,https://boxd.it/VjI
2022-10-16,Multiple Maniacs,1970,https://boxd.it/1vs2
2022-10-16,Island of Lost Souls,1932,https://boxd.it/25TS
2022-10-16,Brain Damage,1988,https://boxd.it/1qUU
2022-10-17,The Blob,1988,https://boxd.it/1YgY
2022-10-18,The House by the Cemetery,1981,https://boxd.it/1oNi
2022-10-18,Blacula,1972,https://boxd.it/1l3m
2022-10-18,Society,1989,https://boxd.it/1ARc
2022-10-22,She-Hulk: Attorney at Law,2022,https://boxd.it/CjLK
2022-10-23,The Vanishing,1988,https://boxd.it/1ZTW
2022-10-23,Tetsuo: The Iron Man,1989,https://boxd.it/ZoM
2022-10-23,I Was a Teenage Zombie,1987,https://boxd.it/1k6E
2022-10-24,Blade,1998,https://boxd.it/1a8A
2022-10-25,Willy's Wonderland,2021,https://boxd.it/nTcG
2022-10-27,Nosferatu the Vampyre,1979,https://boxd.it/21J0
2022-10-28,The Funhouse,1981,https://boxd.it/1PUK
2022-10-29,Nosferatu,1922,https://boxd.it/29TM
2022-10-29,Vampyr,1932,https://boxd.it/29DY
2022-10-29,The Hidden,1987,https://boxd.it/1RUW
2022-10-31,My Own Private Idaho,1991,https://boxd.it/2ak4
2022-11-02,Barbarian,2022,https://boxd.it/yohi
2022-11-10,The House of the Devil,2009,https://boxd.it/1uIe
2022-11-11,Inferno,1980,https://boxd.it/1KbK
2022-11-14,Deep Cover,1992,https://boxd.it/1D5g
2022-11-15,The Invisible Man,2020,https://boxd.it/kWlA
2022-11-15,Date with Dizzy,1958,https://boxd.it/7Q7m
2022-11-17,American Movie,1999,https://boxd.it/1Oty
2022-11-17,Seconds,1966,https://boxd.it/1Dbe
2022-11-18,Carnival of Souls,1962,https://boxd.it/1KQ4
2022-11-20,Troll 2,1990,https://boxd.it/1sTE
2022-11-21,Willow,1988,https://boxd.it/29t0
2022-11-21,The Thief and the Cobbler,1993,https://boxd.it/1tpq
2022-11-26,Thumbsucker,2005,https://boxd.it/28DS
2022-11-26,Stutz,2022,https://boxd.it/u5li
2022-11-26,The Thief of Bagdad,1940,https://boxd.it/1Sei
2022-11-26,Eyes Wide Shut,1999,https://boxd.it/2axs
2022-11-26,Princess Mononoke,1997,https://boxd.it/2b4w
2022-11-27,Howl's Moving Castle,2004,https://boxd.it/23De
2022-11-28,Waterworld,1995,https://boxd.it/1XLG
2022-11-28,The Guardians of the Galaxy Holiday Special,2022,https://boxd.it/t77K
2022-12-04,Bicycle Thieves,1948,https://boxd.it/23hW
2022-12-05,A Man Escaped,1956,https://boxd.it/1MzY
2022-12-05,Sullivan's Travels,1941,https://boxd.it/1Ko0
2022-12-06,Tootsie,1982,https://boxd.it/1YkG
2022-12-06,The Gleaners and I,2000,https://boxd.it/S6c
2022-12-06,Zazie dans le Métro,1960,https://boxd.it/26Co
2022-12-08,The Brothers Bloom,2008,https://boxd.it/1Bqm
2022-12-09,The Night Before,2015,https://boxd.it/9n9W
2022-12-09,A Christmas Prince,2017,https://boxd.it/hmCO
2022-12-11,Pierrot le Fou,1965,https://boxd.it/26j2
2022-12-18,The Banshees of Inisherin,2022,https://boxd.it/p7XS
2022-12-19,In Bruges,2008,https://boxd.it/20n8
2022-12-23,Guillermo del Toro's Pinocchio,2022,https://boxd.it/kjMW
2022-12-24,The Iron Giant,1999,https://boxd.it/1Wow
2022-12-25,White Christmas,1954,https://boxd.it/1Qky
2022-12-27,Glass Onion,2022,https://boxd.it/oCkK
2022-12-31,Eastern Promises,2007,https://boxd.it/275q
2023-01-02,White Noise,2022,https://boxd.it/rXgK
2023-01-02,Casino,1995,https://boxd.it/2ads
2023-01-02,Mulholland Drive,2001,https://boxd.it/297o
2023-01-04,The Assassination of Jesse James by the Coward Robert Ford,2007,https://boxd.it/24dG
2023-01-04,Lost Highway,1997,https://boxd.it/29Wc
2023-01-04,The Red Shoes,1948,https://boxd.it/1EXI
2023-01-05,Full Metal Jacket,1987,https://boxd.it/2a1Q
2023-01-05,McCabe & Mrs. Miller,1971,https://boxd.it/1ooC
2023-01-05,Jodorowsky's Dune,2013,https://boxd.it/5MP6
2023-01-06,The Great Silence,1968,https://boxd.it/1ZlA
2023-01-08,Strange World,2022,https://boxd.it/x6Li
2023-01-09,Beau Travail,1999,https://boxd.it/1NI8
2023-01-11,The Menu,2022,https://boxd.it/lScm
2023-01-12,Unforgiven,1992,https://boxd.it/6Z4
2023-01-12,Escape from Alcatraz,1979,https://boxd.it/1Vwk
2023-01-13,Cronos,1992,https://boxd.it/1TjS
2023-01-14,Blade II,2002,https://boxd.it/1agO
2023-01-15,Dead Man,1995,https://boxd.it/29h4
2023-01-18,After Hours,1985,https://boxd.it/1VfS
2023-01-18,Suspiria,1977,https://boxd.it/1SNW
2023-01-18,The Blob,1958,https://boxd.it/1ZKA
2023-01-18,Dont Look Back,1967,https://boxd.it/2b3y
2023-01-20,Mandy,2018,https://boxd.it/gtti
2023-01-22,Con Air,1997,https://boxd.it/28gO
2023-01-22,Kids in the Hall: Brain Candy,1996,https://boxd.it/1H18
2023-01-22,Bullet Train,2022,https://boxd.it/qW26
2023-01-23,The Lost City of Z,2016,https://boxd.it/a7jS
2023-01-24,Top Gun,1986,https://boxd.it/29JC
2023-01-24,Suspiria,2018,https://boxd.it/cioI
2023-01-25,The Terminator,1984,https://boxd.it/2aQY
2023-01-25,An American Werewolf in London,1981,https://boxd.it/29yk
2023-01-26,Terminator 2: Judgment Day,1991,https://boxd.it/2aGY
2023-01-27,The Kid,1921,https://boxd.it/1X5U
2023-01-28,Modern Times,1936,https://boxd.it/25MC
2023-01-29,The Gentlemen,2019,https://boxd.it/iYBQ
2023-01-29,Green Room,2015,https://boxd.it/a75m
2023-01-29,City Lights,1931,https://boxd.it/29ki
2023-01-30,Wings of Desire,1987,https://boxd.it/2b26
2023-01-30,The Passion of Joan of Arc,1928,https://boxd.it/29DO
2023-01-30,The Curious Case of Benjamin Button,2008,https://boxd.it/23Fk
2023-02-01,The Rock,1996,https://boxd.it/1XM0
2023-02-01,Snatch,2000,https://boxd.it/2b7U
2023-02-01,Creepshow,1982,https://boxd.it/1KqU
2023-02-03,Until the End of the World,1991,https://boxd.it/1WuY
2023-02-05,Bodies Bodies Bodies,2022,https://boxd.it/iRcE
2023-02-05,Time Lapse,2014,https://boxd.it/8hCQ
2023-02-05,Starship Troopers,1997,https://boxd.it/2a7k
2023-02-05,Fire of Love,2022,https://boxd.it/yoPY
2023-02-05,Shiva Baby,2020,https://boxd.it/oIv0
2023-02-06,Killer Klowns from Outer Space,1988,https://boxd.it/1Kpi
2023-02-06,Pinocchio,1940,https://boxd.it/1V8C
2023-02-07,Heartworn Highways,1976,https://boxd.it/2DLS
2023-02-08,Three Colours: Blue,1993,https://boxd.it/2b7K
2023-02-08,Taxi Driver,1976,https://boxd.it/2b8y
2023-02-08,Gosford Park,2001,https://boxd.it/239e
2023-02-08,Three Colours: White,1994,https://boxd.it/2b7A
2023-02-09,Three Colours: Red,1994,https://boxd.it/2b7q
2023-02-10,Shaolin Drunkard,1983,https://boxd.it/2ZMS
2023-02-12,Lady Bird,2017,https://boxd.it/dGNE
2023-02-13,Three Thousand Years of Longing,2022,https://boxd.it/kmoy
2023-02-13,Cave of Forgotten Dreams,2010,https://boxd.it/hWK
2023-02-14,Nathan for You: Finding Frances,2017,https://boxd.it/hufy
2023-02-14,Into the Abyss,2011,https://boxd.it/2G0g
2023-02-14,Re-Animator,1985,https://boxd.it/28hM
2023-02-14,Escape to Witch Mountain,1975,https://boxd.it/1NjC
2023-02-14,Dreamscape,1984,https://boxd.it/1yjs
2023-02-15,Bone Tomahawk,2015,https://boxd.it/9kiw
2023-02-15,My Best Fiend,1999,https://boxd.it/1ZXY
2023-02-17,Lo and Behold: Reveries of the Connected World,2016,https://boxd.it/cfuo
2023-02-17,The Stuff,1985,https://boxd.it/1GQa
2023-02-17,Thinner,1996,https://boxd.it/1WDQ
2023-02-17,The Apartment,1960,https://boxd.it/2aGE
2023-02-19,Some Like It Hot,1959,https://boxd.it/2aNA
2023-02-19,Pearl,2022,https://boxd.it/zPbe
2023-02-19,Puss in Boots: The Last Wish,2022,https://boxd.it/aaie
2023-02-19,Little Women,2019,https://boxd.it/aSVk
2023-02-21,Thelma & Louise,1991,https://boxd.it/28Ew
2023-02-21,The Return of the Living Dead,1985,https://boxd.it/1V3W
2023-02-21,Death Race 2000,1975,https://boxd.it/1QuI
2023-02-22,Contamination,1980,https://boxd.it/12Va
2023-02-22,Day of the Dead,1985,https://boxd.it/20dM
2023-02-22,King Dinosaur,1955,https://boxd.it/1pfc
2023-02-23,Microwave Massacre,1979,https://boxd.it/37n2
2023-02-23,Time Warp Vol. 1: Midnight Madness,2020,https://boxd.it/pWHG
2023-02-24,Time Warp Vol. 2: Horror and Sci-Fi,2020,https://boxd.it/pXFQ
2023-02-24,Coffy,1973,https://boxd.it/1Bao
2023-02-26,Marcel the Shell with Shoes On,2021,https://boxd.it/wMAk
2023-02-26,Time Warp Vol. 3: Comedy and Camp,2020,https://boxd.it/pXJ4
2023-02-27,Rock 'n' Roll High School,1979,https://boxd.it/1u6k
2023-02-28,Warlock,1989,https://boxd.it/1U5i
2023-03-03,Terrifier,2016,https://boxd.it/eRzg
2023-03-05,Shorts,2009,https://boxd.it/1wl2
2023-03-05,Lifeforce,1985,https://boxd.it/1SGw
2023-03-06,Galaxy of Terror,1981,https://boxd.it/1oBc
2023-03-07,Phantasm,1979,https://boxd.it/1YaG
2023-03-08,Plan 9 from Outer Space,1957,https://boxd.it/1W50
2023-03-10,Aftersun,2022,https://boxd.it/Arw0
2023-03-10,The Toxic Avenger,1984,https://boxd.it/1MAi
2023-03-12,Sorority House Massacre,1986,https://boxd.it/110s
2023-03-15,The Flying Sailor,2022,https://boxd.it/rSdw
2023-03-16,Forbidden World,1982,https://boxd.it/XmE
2023-03-16,The Velvet Underground,2021,https://boxd.it/jPXA
2023-03-16,Bad Lieutenant,1992,https://boxd.it/1Src
2023-03-18,The Outfit,2022,https://boxd.it/u6Eq
2023-03-19,True Romance,1993,https://boxd.it/2aBa
2023-03-21,Luther: The Fallen Sun,2023,https://boxd.it/r3t4
2023-03-21,Nude on the Moon,1961,https://boxd.it/Cpi
2023-03-21,"Sherlock, Jr.",1924,https://boxd.it/298m
2023-03-23,Buffalo '66,1998,https://boxd.it/1YC6
2023-03-24,The Host,2006,https://boxd.it/28ZY
2023-03-25,Bad Girls Go to Hell,1965,https://boxd.it/Wa8
2023-03-27,The Decline of Western Civilization,1981,https://boxd.it/1Com
2023-03-27,Torro. Torro. Torro!,1981,https://boxd.it/62e6
2023-03-28,Pumping Iron,1977,https://boxd.it/23dA
2023-03-29,The Gorgon,1964,https://boxd.it/1p5c
2023-03-29,Valley Girl,1983,https://boxd.it/1FNa
2023-03-29,24 Hour Party People,2002,https://boxd.it/26nI
2023-03-29,The Happiness of the Katakuris,2001,https://boxd.it/1KDY
2023-03-29,Invasion of the Flesh Hunters,1980,https://boxd.it/1ZWm
2023-03-31,The Social Network,2010,https://boxd.it/17ue
2023-03-31,The White Tiger,2021,https://boxd.it/nhg6
2023-04-04,Pretty as a Picture: The Art of David Lynch,1997,https://boxd.it/S54
2023-04-04,The Adventures of Buckaroo Banzai Across the 8th Dimension,1984,https://boxd.it/1TZk
2023-04-04,I Drink Your Blood,1970,https://boxd.it/1s5a
2023-04-04,A Fistful of Dollars,1964,https://boxd.it/2auo
2023-04-06,For a Few Dollars More,1965,https://boxd.it/29eu
2023-04-06,Blood Rage,1987,https://boxd.it/1pSI
2023-04-06,The Video Dead,1987,https://boxd.it/1toC
2023-04-06,Dig!,2004,https://boxd.it/282s
2023-04-06,Assault on Precinct 13,1976,https://boxd.it/1I2c
2023-04-07,Cannibal Ferox,1981,https://boxd.it/1ZWw
2023-04-08,Dagon,2001,https://boxd.it/1Vh0
2023-04-09,Night of the Comet,1984,https://boxd.it/1GUw
2023-04-09,Possessor,2020,https://boxd.it/fsJW
2023-04-10,Velvet Buzzsaw,2019,https://boxd.it/gAy0
2023-04-10,Vincent,1982,https://boxd.it/1hLa
2023-04-10,Meshes of the Afternoon,1943,https://boxd.it/1sEE
2023-04-10,"Hi, How Are You Daniel Johnston?",2015,https://boxd.it/fxAA
2023-04-10,Un Chien Andalou,1929,https://boxd.it/29Y8
2023-04-10,"history of the entire world, i guess",2017,https://boxd.it/rQx0
2023-04-10,Bao,2018,https://boxd.it/iEl4
2023-04-11,Bride of Re-Animator,1990,https://boxd.it/1HyQ
2023-04-11,Bottle Rocket,1993,https://boxd.it/pP8
2023-04-12,The Immaculate Room,2022,https://boxd.it/unt0
2023-04-12,Movie 43,2013,https://boxd.it/37qK
2023-04-13,Funny Pages,2022,https://boxd.it/lrlm
2023-04-15,Infinity Pool,2023,https://boxd.it/oPSK
2023-04-16,Terrifier 2,2022,https://boxd.it/oI10
2023-04-16,The Beyond,1981,https://boxd.it/1FtY
2023-04-16,Don't Torture a Duckling,1972,https://boxd.it/Gfc
2023-04-17,Blow Out,1981,https://boxd.it/1TlE
2023-04-17,An Evening with Tim Heidecker,2020,https://boxd.it/si7E
2023-04-19,The Thing from Another World,1951,https://boxd.it/1Vp4
2023-04-20,"Crouching Tiger, Hidden Dragon",2000,https://boxd.it/2b1M
2023-04-20,John Wick: Chapter 4,2023,https://boxd.it/mh48
2023-04-20,Fire in the Sky,1993,https://boxd.it/1LS6
2023-04-20,Kids vs. Aliens,2022,https://boxd.it/CjMI
2023-04-21,Vivre Sa Vie,1962,https://boxd.it/28s6
2023-04-22,Baskin,2015,https://boxd.it/b24U
2023-04-22,Bloody Muscle Body Builder in Hell,1995,https://boxd.it/dKDS
2023-04-22,Torturous,2014,https://boxd.it/4v4K
2023-04-22,Zombie Flesh Eaters,1979,https://boxd.it/217q
2023-04-24,Tell Your Children,1936,https://boxd.it/17py
2023-04-24,The Secret of NIMH,1982,https://boxd.it/1Tc8
2023-04-24,Moonstruck,1987,https://boxd.it/27zg
2023-04-24,Demons,1985,https://boxd.it/1OTQ
2023-04-24,Greener Grass,2019,https://boxd.it/jYoY
2023-04-25,The Holy Mountain,1973,https://boxd.it/20mu
2023-04-26,Mad God,2021,https://boxd.it/vVPm
2023-04-28,Deep Red,1975,https://boxd.it/1E1E
2023-04-28,Endless Love,2014,https://boxd.it/6Hs4
2023-04-29,Tenebre,1982,https://boxd.it/1mRM
2023-05-01,Possession,1981,https://boxd.it/1BPm
2023-05-01,Tammy and the T-Rex,1994,https://boxd.it/rwW
2023-05-01,The New York Ripper,1982,https://boxd.it/1koy
2023-05-02,UHF,1989,https://boxd.it/1SFI
2023-05-02,The Night of the Hunter,1955,https://boxd.it/25HW
2023-05-02,Yokai Monsters: Spook Warfare,1968,https://boxd.it/4nYA
2023-05-03,City of the Living Dead,1980,https://boxd.it/1wMs
2023-05-03,Woodlands Dark and Days Bewitched: A History of Folk Horror,2021,https://boxd.it/mJ04
2023-05-03,RoboCop,1987,https://boxd.it/22Wu
2023-05-05,Altered States,1980,https://boxd.it/1TBi
2023-05-07,Nausicaä of the Valley of the Wind,1984,https://boxd.it/2bc6
2023-05-07,Dredd,2012,https://boxd.it/GZE
2023-05-08,Beau Is Afraid,2023,https://boxd.it/u2gE
2023-05-09,Triangle of Sadness,2022,https://boxd.it/hXlq
2023-05-10,But I'm a Cheerleader,1999,https://boxd.it/1CW4
2023-05-10,A Sound of Thunder,2005,https://boxd.it/1X98
2023-05-12,Malignant,2021,https://boxd.it/mViE
2023-05-13,Cutthroat Island,1995,https://boxd.it/28OG
2023-05-13,Zardoz,1974,https://boxd.it/23Fa
2023-05-15,The Cat o' Nine Tails,1971,https://boxd.it/1rPm
2023-05-15,The Little Shop of Horrors,1960,https://boxd.it/1xDm
2023-05-15,La La Land,2016,https://boxd.it/a5fa
2023-05-19,Ant-Man and the Wasp: Quantumania,2023,https://boxd.it/nL2y
2023-05-19,The Country Bears,2002,https://boxd.it/1H8e
2023-05-22,Operation Fortune: Ruse de Guerre,2023,https://boxd.it/rJXA
2023-05-22,Dirty Dancing,1987,https://boxd.it/2baY
2023-05-22,Little Monsters,1989,https://boxd.it/1MK8
2023-05-24,Dogville,2003,https://boxd.it/2a8W
2023-05-26,The Arena,1974,https://boxd.it/1oly
2023-05-30,Bones and All,2022,https://boxd.it/tLd4
2023-05-30,The Super Mario Bros. Movie,2023,https://boxd.it/i8C8
2023-06-01,Puppet Master,1989,https://boxd.it/1sOk
2023-06-03,Horror Express,1972,https://boxd.it/1gPK
2023-06-03,Cannibal Holocaust,1980,https://boxd.it/1ZWQ
2023-06-04,Death Spa,1988,https://boxd.it/1pHq
2023-06-04,Humanoids from the Deep,1980,https://boxd.it/1nGU
2023-06-05,It Might Get Loud,2008,https://boxd.it/1Aus
2023-06-07,Moonlight,2016,https://boxd.it/d6bE
2023-06-09,Casablanca,1942,https://boxd.it/2aG0
2023-06-09,RED,2010,https://boxd.it/13uu
2023-06-10,Avatar: The Way of Water,2022,https://boxd.it/2E2E
2023-06-12,Dungeons & Dragons: Honor Among Thieves,2023,https://boxd.it/hN1A
2023-06-13,"Parallel Worlds, Parallel Lives",2007,https://boxd.it/eaMc
2023-06-13,Phenomena,1985,https://boxd.it/1o4s
2023-06-15,Johnny Mnemonic,1995,https://boxd.it/1XBQ
2023-06-15,Sole Survivor,1984,https://boxd.it/1n5Y
2023-06-15,Stage Fright,1987,https://boxd.it/1Drm
2023-06-16,Clearcut,1991,https://boxd.it/3Sqi
2023-06-16,Point Break,1991,https://boxd.it/2958
2023-06-17,Django,1966,https://boxd.it/1Vr0
2023-06-18,The Point,1971,https://boxd.it/1z52
2023-06-19,The Pagemaster,1994,https://boxd.it/1MJY
2023-06-21,Anthropophagous,1980,https://boxd.it/236a
2023-06-22,Siege,1983,https://boxd.it/12jK
2023-06-22,Dead & Buried,1981,https://boxd.it/1xYa
2023-06-23,Knock at the Cabin,2023,https://boxd.it/npL2
2023-06-24,Opera,1987,https://boxd.it/1E2M
2023-06-25,A Nightmare on Elm Street 3: Dream Warriors,1987,https://boxd.it/1X9W
2023-06-25,Basket Case 2,1990,https://boxd.it/1qUK
2023-06-26,Excalibur,1981,https://boxd.it/1TDI
2023-06-28,Minority Report,2002,https://boxd.it/2aWi
2023-06-28,Son of the White Mare,1981,https://boxd.it/10f2
2023-06-29,In the Mouth of Madness,1994,https://boxd.it/26vi
2023-07-03,Witness for the Prosecution,1957,https://boxd.it/18H4
2023-07-03,Don't Go in the Woods,1981,https://boxd.it/QK0
2023-07-03,Hail Satan?,2019,https://boxd.it/kJvC
2023-07-04,The Monster Squad,1987,https://boxd.it/1Q1w
2023-07-04,Sunset Boulevard,1950,https://boxd.it/2a20
2023-07-05,Cousin Ben Troop Screening,2012,https://boxd.it/49SS
2023-07-05,Do You Like to Read?,2012,https://boxd.it/jMMY
2023-07-05,Asteroid City,2023,https://boxd.it/s3ds
2023-07-05,Hotel Chevalier,2007,https://boxd.it/21Ic
2023-07-20,Guardians of the Galaxy Vol. 3,2023,https://boxd.it/fVNI
2023-07-20,Spark: A Burning Man Story,2013,https://boxd.it/5kOa
2023-07-20,Taking My Parents to Burning Man,2014,https://boxd.it/d3La
2023-07-20,Nekromantik,1988,https://boxd.it/1T0w
2023-07-20,Rats,2016,https://boxd.it/etkG
2023-07-22,Pieces,1982,https://boxd.it/JEa
2023-07-22,First Reformed,2017,https://boxd.it/go9C
2023-07-22,"Another Day, Another Time: Celebrating the Music of 'Inside Llewyn Davis'",2013,https://boxd.it/7894
2023-07-22,The Burning,1981,https://boxd.it/1ygS
2023-07-22,Piranha,1978,https://boxd.it/1wTI
2023-07-23,Babylon,2022,https://boxd.it/mM02
2023-07-24,Sharksploitation,2023,https://boxd.it/yAyq
2023-07-27,Event Horizon,1997,https://boxd.it/20d8
2023-07-27,Braindead,1992,https://boxd.it/29Gy
2023-07-28,BlackBerry,2023,https://boxd.it/CoVK
2023-07-30,The 'Burbs,1989,https://boxd.it/1SDi
2023-07-31,Barbie,2023,https://boxd.it/bCLK
2023-07-31,Oppenheimer,2023,https://boxd.it/wUow
2023-07-31,White Hot: The Rise & Fall of Abercrombie & Fitch,2022,https://boxd.it/zZ8O
2023-07-31,Uncle Boonmee Who Can Recall His Past Lives,2010,https://boxd.it/168Q
2023-07-31,Fanboys,2009,https://boxd.it/1PXY
2023-08-01,Nebraska,2013,https://boxd.it/4exq
2023-08-02,Inside,2023,https://boxd.it/AagY
2023-08-10,From Beyond,1986,https://boxd.it/1NXi
2023-09-16,The Boogey Man,1980,https://boxd.it/12cu
2023-09-18,Head of the Family,1996,https://boxd.it/czG
2023-09-18,Hellbound: Hellraiser II,1988,https://boxd.it/1ZfW
2023-09-19,Spider-Man: Across the Spider-Verse,2023,https://boxd.it/kSz4
2023-09-20,Blood and Black Lace,1964,https://boxd.it/1qme
2023-09-21,Melancholia,2011,https://boxd.it/bPI
2023-09-21,Live Aid,1985,https://boxd.it/R0i
2023-09-21,The Lord of the Rings,1978,https://boxd.it/2b5k
2023-09-22,The Purple Rose of Cairo,1985,https://boxd.it/1VeU
2023-09-22,Teenage Mutant Ninja Turtles: Mutant Mayhem,2023,https://boxd.it/mK0a
2023-09-25,Escape from New York,1981,https://boxd.it/294k
2023-09-25,Renfield,2023,https://boxd.it/o8vy
2023-09-26,Perfect Blue,1997,https://boxd.it/1W7A
2023-09-27,Twitches,2005,https://boxd.it/1BPw
2023-09-28,The Devils,1971,https://boxd.it/1inI
2023-09-28,Dream Demon,1988,https://boxd.it/GhM
2023-09-28,Gothic,1986,https://boxd.it/1fkG
2023-09-29,The Swan,2023,https://boxd.it/Is80
2023-09-29,The Wonderful Story of Henry Sugar,2023,https://boxd.it/yNyo
2023-09-30,Big Easy Express,2012,https://boxd.it/3Peo
2023-10-02,The Rat Catcher,2023,https://boxd.it/Is8a
2023-10-02,Poison,2023,https://boxd.it/Is7Q
2023-10-03,Tales from the Crypt,1972,https://boxd.it/14Qc
2023-10-04,Asylum,1972,https://boxd.it/1uGM
2023-10-05,Talk to Me,2022,https://boxd.it/C6uQ
2023-10-06,Carrie,1976,https://boxd.it/20ZQ
2023-10-07,The Omen,1976,https://boxd.it/29By
2023-10-08,The Hills Have Eyes,1977,https://boxd.it/1Sa6
2023-10-10,The Last House on the Left,1972,https://boxd.it/1M4m
2023-10-10,ThanksKilling,2008,https://boxd.it/gcG
2023-10-10,Friday the 13th Part III,1982,https://boxd.it/1XX8
2023-10-11,Poltergeist,1982,https://boxd.it/2a0o
2023-10-12,King Kong,1933,https://boxd.it/2aMM
2023-10-14,Trick 'r Treat,2007,https://boxd.it/1zvE
2023-10-14,Jason and the Argonauts,1963,https://boxd.it/1TCK
2023-10-15,The Masque of the Red Death,1964,https://boxd.it/1w12
2023-10-15,The Hound of the Baskervilles,1959,https://boxd.it/1T4S
2023-10-18,Practical Magic,1998,https://boxd.it/21HS
2023-10-20,Slither,2006,https://boxd.it/1Zks
2023-10-20,The Haunting,1963,https://boxd.it/1T7M
2023-10-23,One Hundred and One Dalmatians,1961,https://boxd.it/1SeC
2023-10-23,Candyman,1992,https://boxd.it/1Ys6
2023-10-25,Candyman,2021,https://boxd.it/kHFg
2023-10-28,The Descent,2005,https://boxd.it/1YNy
2023-10-31,Tucker and Dale vs. Evil,2010,https://boxd.it/Mce
2023-11-01,Hell House LLC,2015,https://boxd.it/cdjy
2023-11-01,Mars Attacks!,1996,https://boxd.it/2bd4
2023-11-02,The Thing,2011,https://boxd.it/eS6
2023-11-02,Slumber Party Massacre II,1987,https://boxd.it/1r1G
2023-11-02,Dog Day Afternoon,1975,https://boxd.it/29bg
2023-11-02,Insidious: Chapter 3,2015,https://boxd.it/8BkM
2023-11-03,The Town That Dreaded Sundown,1976,https://boxd.it/J3I
2023-11-07,Bad Taste,1987,https://boxd.it/1Xq4
2023-11-07,One Flew Over the Cuckoo's Nest,1975,https://boxd.it/2aeA
2023-11-07,Tickled,2016,https://boxd.it/cWEG
2023-11-07,Don't F**k with Cats: Hunting an Internet Killer,2019,https://boxd.it/oqjq
2023-11-07,The Tickle King,2017,https://boxd.it/fIeA
2023-11-08,Blade: Trinity,2004,https://boxd.it/1a8q
2023-11-15,The Hitcher,1986,https://boxd.it/1Yq0
2023-11-15,The Killer,2023,https://boxd.it/u6WE
2023-11-16,Old,2021,https://boxd.it/npKI
2023-11-16,The Girl with the Dragon Tattoo,2011,https://boxd.it/2Pa
2023-11-16,The Pope's Exorcist,2023,https://boxd.it/stZ8
2023-11-17,Goldfinger,1964,https://boxd.it/29SY
2023-11-17,Dr. No,1962,https://boxd.it/29UU
2023-11-18,The Electrical Life of Louis Wain,2021,https://boxd.it/mRa2
2023-11-19,Sisu,2022,https://boxd.it/vHpu
2023-11-22,Laura,1944,https://boxd.it/27Oq
2023-11-22,A Trip to the Moon,1902,https://boxd.it/29EC
2023-11-22,Matchstick Men,2003,https://boxd.it/215a
2023-11-22,La Jetée,1962,https://boxd.it/29Sk
2023-11-22,Freaks,1932,https://boxd.it/2b3o
2023-11-23,Dark Star,1974,https://boxd.it/28Ow
2023-11-24,Phantom of the Paradise,1974,https://boxd.it/1s34
2023-11-25,Ginger Snaps,2000,https://boxd.it/1XEg
2023-11-26,Easy Rider,1969,https://boxd.it/29Ys
2023-11-28,Hardcore,1979,https://boxd.it/XyA
2023-11-28,Napoleon,2023,https://boxd.it/shJM
2023-11-29,Silver Linings Playbook,2012,https://boxd.it/2TTo
2023-11-30,Past Lives,2023,https://boxd.it/oNB8
2023-12-01,Cure,1997,https://boxd.it/1blA
2023-12-04,Paprika,2006,https://boxd.it/23wW
2023-12-05,Jane B. by Agnès V.,1988,https://boxd.it/xxw
2023-12-06,Stop Making Sense,1984,https://boxd.it/1ygo
2023-12-06,Once Upon a Time in the West,1968,https://boxd.it/2az4
2023-12-06,Chinatown,1974,https://boxd.it/29vU
2023-12-07,Death on the Nile,1978,https://boxd.it/24I0
2023-12-08,Rope,1948,https://boxd.it/28yo
2023-12-08,The Treasure of the Sierra Madre,1948,https://boxd.it/25Lk
2023-12-09,The Holdovers,2023,https://boxd.it/vHza
2023-12-09,A Christmas Prince: The Royal Wedding,2018,https://boxd.it/j4hM
2023-12-10,Bottoms,2023,https://boxd.it/uGf2
2023-12-10,May December,2023,https://boxd.it/vEE2
2023-12-11,eXistenZ,1999,https://boxd.it/27Ni
2023-12-12,Hard Ticket to Hawaii,1987,https://boxd.it/1uEw
2023-12-13,Dream Scenario,2023,https://boxd.it/v2h0
2023-12-14,Basket Case 3: The Progeny,1991,https://boxd.it/1qUA
2023-12-15,Eddie and the Cruisers,1983,https://boxd.it/1Buo
2023-12-19,Priscilla,2023,https://boxd.it/Cz3k
2023-12-19,Semi-Pro,2008,https://boxd.it/1Qw0
2023-12-23,Christmas Island,2023,https://boxd.it/IMpU
2023-12-25,The Secret Gift of Christmas,2023,https://boxd.it/IM9s
2023-12-25,Office Christmas Party,2016,https://boxd.it/dpj8
2023-12-28,Saltburn,2023,https://boxd.it/z4eg
2023-12-28,Predestination,2014,https://boxd.it/6bJM
2023-12-30,The Creator,2023,https://boxd.it/oXWq
2024-01-02,A Christmas Dream,1945,https://boxd.it/cBY6
2024-01-02,The Fugitive,1993,https://boxd.it/230G
2024-01-02,The Adventures of Baron Munchausen,1988,https://boxd.it/1NXs
2024-01-02,Hell on Earth: The Desecration & Resurrection of The Devils,2002,https://boxd.it/59xs
2024-01-03,The Swimmer,1968,https://boxd.it/1ffG
2024-01-05,The Third Man,1949,https://boxd.it/294E
2024-01-06,Killers of the Flower Moon,2023,https://boxd.it/gHp0
2024-01-07,Climax,2018,https://boxd.it/ikvo
2024-01-07,The Gingerdead Man,2005,https://boxd.it/1s7g
2024-01-08,A Bay of Blood,1971,https://boxd.it/232i
